post_id,post_type,posted_at,likes,comments,shares,saves,caption_length,hashtags_count,post_hour,total_engagement,engagement_rate
post_736,carousel,2024-07-11 22:32:10.813248,199,15,6,34,131,12,16,254,127.63819095477386
post_415,reel,2024-07-11 22:32:10.813248,194,16,12,22,237,5,1,244,125.77319587628865
post_489,carousel,2024-07-11 22:32:10.813248,188,14,8,15,184,8,23,225,119.68085106382979
post_741,carousel,2024-07-11 22:32:10.813248,165,14,6,29,267,13,3,214,129.6969696969697
post_191,carousel,2024-07-11 22:32:10.813248,177,14,8,29,234,10,3,228,128.81355932203388
post_21,static,2024-07-11 22:32:10.813248,31,10,5,15,158,15,23,61,196.7741935483871
post_476,static,2024-07-11 22:32:10.813248,116,11,4,13,197,10,6,144,124.13793103448276
post_793,carousel,2024-07-11 22:32:10.813248,185,12,10,30,265,11,11,237,128.1081081081081
post_987,static,2024-07-11 22:32:10.813248,115,10,4,19,145,10,9,148,128.69565217391303
post_574,static,2024-07-12 22:32:10.813248,94,12,5,13,210,8,3,124,131.91489361702128
post_931,static,2024-07-12 22:32:10.813248,154,14,6,14,131,3,10,188,122.07792207792207
post_306,carousel,2024-07-12 22:32:10.813248,128,13,8,20,152,5,1,169,132.03125
post_460,carousel,2024-07-12 22:32:10.813248,160,13,9,21,253,15,13,203,126.875
post_780,reel,2024-07-13 22:32:10.813248,222,30,13,28,161,5,15,293,131.981981981982
post_663,static,2024-07-13 22:32:10.813248,83,9,4,18,81,8,0,114,137.34939759036143
post_886,carousel,2024-07-13 22:32:10.813248,180,18,10,21,225,6,19,229,127.22222222222221
post_304,reel,2024-07-13 22:32:10.813248,191,24,6,33,229,12,8,254,132.98429319371726
post_377,static,2024-07-13 22:32:10.813248,110,9,5,13,162,15,4,137,124.54545454545453
post_597,static,2024-07-13 22:32:10.813248,79,11,4,20,175,11,15,114,144.30379746835442
post_180,static,2024-07-14 22:32:10.813248,98,12,5,15,127,15,8,130,132.6530612244898
post_727,reel,2024-07-14 22:32:10.813248,170,18,11,21,64,3,5,220,129.41176470588235
post_674,carousel,2024-07-14 22:32:10.813248,192,17,6,26,122,11,15,241,125.52083333333333
post_890,carousel,2024-07-14 22:32:10.813248,156,11,9,25,276,4,2,201,128.84615384615387
post_396,reel,2024-07-15 22:32:10.813248,241,23,13,21,224,11,9,298,123.65145228215768
post_930,static,2024-07-15 22:32:10.813248,108,14,3,15,272,11,9,140,129.62962962962962
post_472,reel,2024-07-15 22:32:10.813248,257,26,14,54,277,13,17,351,136.57587548638134
post_312,reel,2024-07-15 22:32:10.813248,145,18,12,35,63,11,13,210,144.82758620689654
post_551,static,2024-07-16 22:32:10.813248,101,9,6,22,63,15,20,138,136.63366336633663
post_256,static,2024-07-16 22:32:10.813248,82,11,3,10,97,8,3,106,129.26829268292684
post_771,reel,2024-07-16 22:32:10.813248,191,36,11,49,203,10,16,287,150.26178010471205
post_433,reel,2024-07-16 22:32:10.813248,240,25,13,29,234,8,20,307,127.91666666666666
post_573,static,2024-07-16 22:32:10.813248,109,13,5,14,264,3,0,141,129.3577981651376
post_177,reel,2024-07-17 22:32:10.813248,215,19,9,28,254,12,3,271,126.046511627907
post_308,static,2024-07-17 22:32:10.813248,121,12,4,13,50,3,22,150,123.96694214876034
post_121,static,2024-07-17 22:32:10.813248,113,9,5,15,236,11,3,142,125.66371681415929
post_585,static,2024-07-17 22:32:10.813248,121,8,5,15,82,8,11,149,123.14049586776858
post_426,carousel,2024-07-17 22:32:10.813248,151,18,12,25,134,13,3,206,136.42384105960267
post_843,carousel,2024-07-18 22:32:10.813248,213,20,9,21,130,13,16,263,123.47417840375587
post_261,carousel,2024-07-18 22:32:10.813248,166,19,8,23,62,12,9,216,130.12048192771084
post_259,static,2024-07-18 22:32:10.813248,93,9,6,17,176,9,22,125,134.40860215053763
post_882,reel,2024-07-18 22:32:10.813248,213,23,12,51,255,12,20,299,140.3755868544601
post_316,reel,2024-07-18 22:32:10.813248,137,17,11,31,229,10,23,196,143.06569343065695
post_965,carousel,2024-07-18 22:32:10.813248,125,14,7,26,71,5,22,172,137.6
post_819,static,2024-07-19 22:32:10.813248,132,7,5,23,198,3,16,167,126.51515151515152
post_2,static,2024-07-19 22:32:10.813248,101,13,5,21,149,15,18,140,138.6138613861386
post_502,carousel,2024-07-19 22:32:10.813248,154,14,9,20,262,9,22,197,127.92207792207793
post_730,static,2024-07-19 22:32:10.813248,154,8,4,16,188,4,12,182,118.18181818181819
post_403,carousel,2024-07-19 22:32:10.813248,159,16,8,20,224,7,8,203,127.67295597484276
post_581,carousel,2024-07-19 22:32:10.813248,216,23,10,30,170,14,12,279,129.16666666666669
post_234,reel,2024-07-19 22:32:10.813248,166,14,16,37,104,11,17,233,140.36144578313252
post_257,static,2024-07-19 22:32:10.813248,108,11,4,17,88,13,0,140,129.62962962962962
post_331,carousel,2024-07-19 22:32:10.813248,219,11,9,23,292,10,9,262,119.63470319634703
post_144,static,2024-07-20 22:32:10.813248,72,10,6,18,114,13,17,106,147.22222222222223
post_814,reel,2024-07-20 22:32:10.813248,201,18,14,31,70,3,21,264,131.34328358208955
post_13,carousel,2024-07-20 22:32:10.813248,179,12,5,32,114,7,1,228,127.37430167597765
post_596,reel,2024-07-20 22:32:10.813248,215,22,15,29,211,5,11,281,130.69767441860463
post_531,reel,2024-07-20 22:32:10.813248,243,15,11,33,191,5,22,302,124.27983539094649
post_602,reel,2024-07-21 22:32:10.813248,286,18,10,23,139,7,15,337,117.83216783216784
post_789,carousel,2024-07-21 22:32:10.813248,218,20,4,39,105,3,15,281,128.89908256880733
post_710,static,2024-07-21 22:32:10.813248,63,9,5,16,167,14,6,93,147.61904761904762
post_322,static,2024-07-21 22:32:10.813248,124,10,4,13,54,9,7,151,121.7741935483871
post_523,reel,2024-07-21 22:32:10.813248,184,22,13,32,184,5,11,251,136.41304347826087
post_92,static,2024-07-21 22:32:10.813248,90,11,5,16,53,13,6,122,135.55555555555557
post_424,carousel,2024-07-21 22:32:10.813248,238,13,10,36,193,10,20,297,124.78991596638656
post_404,carousel,2024-07-21 22:32:10.813248,126,12,6,23,197,9,3,167,132.53968253968253
post_297,carousel,2024-07-21 22:32:10.813248,160,9,5,23,300,4,23,197,123.125
post_768,static,2024-07-21 22:32:10.813248,101,10,2,17,128,9,20,130,128.7128712871287
post_844,carousel,2024-07-22 22:32:10.813248,168,13,11,25,232,8,7,217,129.16666666666669
post_459,static,2024-07-22 22:32:10.813248,130,12,6,17,56,8,12,165,126.92307692307692
post_706,reel,2024-07-22 22:32:10.813248,218,19,10,30,268,8,21,277,127.06422018348624
post_283,reel,2024-07-22 22:32:10.813248,199,20,11,34,81,4,22,264,132.66331658291458
post_781,static,2024-07-23 22:32:10.813248,69,10,6,19,289,6,0,104,150.72463768115944
post_749,static,2024-07-23 22:32:10.813248,118,10,5,15,79,3,21,148,125.42372881355932
post_746,static,2024-07-23 22:32:10.813248,127,7,4,15,296,10,18,153,120.4724409448819
post_540,carousel,2024-07-23 22:32:10.813248,211,18,13,21,196,10,17,263,124.64454976303318
post_230,reel,2024-07-23 22:32:10.813248,201,25,13,17,170,3,22,256,127.363184079602
post_43,reel,2024-07-24 22:32:10.813248,195,18,12,29,193,8,0,254,130.25641025641025
post_507,static,2024-07-24 22:32:10.813248,106,10,6,11,101,3,1,133,125.47169811320755
post_963,static,2024-07-25 22:32:10.813248,103,12,5,16,92,13,16,136,132.03883495145632
post_846,static,2024-07-25 22:32:10.813248,136,11,7,19,136,3,16,173,127.20588235294117
post_755,static,2024-07-25 22:32:10.813248,61,10,4,12,57,14,7,87,142.62295081967213
post_782,reel,2024-07-25 22:32:10.813248,249,21,14,31,136,15,11,315,126.50602409638554
post_939,carousel,2024-07-26 22:32:10.813248,231,19,6,25,233,7,10,281,121.64502164502164
post_392,reel,2024-07-26 22:32:10.813248,256,24,17,50,156,14,12,347,135.546875
post_122,static,2024-07-26 22:32:10.813248,132,9,4,11,120,12,0,156,118.18181818181819
post_448,carousel,2024-07-26 22:32:10.813248,218,14,11,25,103,13,17,268,122.93577981651376
post_947,static,2024-07-26 22:32:10.813248,84,14,4,13,189,7,13,115,136.9047619047619
post_695,static,2024-07-26 22:32:10.813248,115,11,4,16,158,14,9,146,126.95652173913044
post_374,carousel,2024-07-26 22:32:10.813248,149,13,8,25,136,13,16,195,130.8724832214765
post_929,static,2024-07-27 22:32:10.813248,59,9,5,12,92,3,0,85,144.0677966101695
post_101,static,2024-07-27 22:32:10.813248,128,12,4,14,119,4,18,158,123.4375
post_500,static,2024-07-27 22:32:10.813248,103,7,4,12,95,14,2,126,122.33009708737863
post_600,reel,2024-07-27 22:32:10.813248,178,25,12,27,68,14,0,242,135.95505617977528
post_407,reel,2024-07-27 22:32:10.813248,228,22,10,40,163,6,10,300,131.57894736842107
post_326,reel,2024-07-27 22:32:10.813248,236,27,9,38,158,15,22,310,131.35593220338984
post_475,reel,2024-07-28 22:32:10.813248,251,20,10,41,296,15,21,322,128.28685258964143
post_575,carousel,2024-07-28 22:32:10.813248,173,19,9,27,54,4,13,228,131.79190751445086
post_358,reel,2024-07-28 22:32:10.813248,221,26,7,33,279,13,7,287,129.86425339366517
post_788,reel,2024-07-29 22:32:10.813248,271,27,13,50,50,13,14,361,133.21033210332104
post_839,reel,2024-07-29 22:32:10.813248,221,21,12,40,94,12,6,294,133.03167420814478
post_691,carousel,2024-07-29 22:32:10.813248,163,13,5,17,130,8,23,198,121.47239263803682
post_938,carousel,2024-07-29 22:32:10.813248,174,17,10,30,179,12,20,231,132.75862068965517
post_130,reel,2024-07-29 22:32:10.813248,234,26,13,34,205,8,17,307,131.1965811965812
post_270,carousel,2024-07-29 22:32:10.813248,147,11,6,24,274,13,7,188,127.89115646258504
post_591,static,2024-07-29 22:32:10.813248,119,11,3,17,131,8,11,150,126.05042016806722
post_190,reel,2024-07-29 22:32:10.813248,309,25,12,36,287,11,10,382,123.62459546925567
post_389,static,2024-07-29 22:32:10.813248,138,8,5,19,96,14,0,170,123.18840579710144
post_792,static,2024-07-29 22:32:10.813248,108,7,4,11,97,10,21,130,120.37037037037037
post_74,carousel,2024-07-29 22:32:10.813248,223,22,10,23,111,3,16,278,124.66367713004485
post_884,reel,2024-07-29 22:32:10.813248,190,17,6,24,180,15,3,237,124.73684210526316
post_73,static,2024-07-30 22:32:10.813248,124,12,6,17,215,9,20,159,128.2258064516129
post_60,static,2024-07-30 22:32:10.813248,111,10,3,21,281,3,23,145,130.63063063063063
post_487,carousel,2024-07-30 22:32:10.813248,123,14,8,23,249,15,11,168,136.58536585365854
post_425,reel,2024-07-30 22:32:10.813248,241,22,13,45,181,12,10,321,133.19502074688796
post_134,carousel,2024-07-30 22:32:10.813248,176,19,11,34,138,14,11,240,136.36363636363635
post_255,reel,2024-07-30 22:32:10.813248,203,22,10,15,272,13,4,250,123.15270935960592
post_11,carousel,2024-07-30 22:32:10.813248,211,17,6,28,202,9,9,262,124.17061611374407
post_286,reel,2024-07-30 22:32:10.813248,261,28,11,33,207,10,14,333,127.58620689655173
post_33,carousel,2024-07-31 22:32:10.813248,207,13,8,17,178,12,12,245,118.3574879227053
post_510,carousel,2024-07-31 22:32:10.813248,187,17,6,20,74,13,22,230,122.99465240641712
post_383,static,2024-07-31 22:32:10.813248,85,9,5,16,118,14,1,115,135.29411764705884
post_56,static,2024-07-31 22:32:10.813248,83,8,5,13,165,4,22,109,131.32530120481925
post_111,static,2024-07-31 22:32:10.813248,58,9,4,18,100,12,6,89,153.44827586206898
post_388,carousel,2024-07-31 22:32:10.813248,198,16,8,36,101,11,15,258,130.3030303030303
post_292,carousel,2024-08-01 22:32:10.813248,144,12,6,18,104,13,8,180,125.0
post_147,carousel,2024-08-01 22:32:10.813248,170,13,8,34,96,8,1,225,132.35294117647058
post_39,reel,2024-08-01 22:32:10.813248,118,16,13,32,182,4,2,179,151.6949152542373
post_851,static,2024-08-01 22:32:10.813248,75,6,6,12,220,5,2,99,132.0
post_153,static,2024-08-01 22:32:10.813248,105,10,5,16,113,8,23,136,129.52380952380952
post_353,static,2024-08-02 22:32:10.813248,94,10,3,12,173,9,8,119,126.59574468085107
post_370,static,2024-08-02 22:32:10.813248,127,10,4,15,220,11,23,156,122.83464566929135
post_239,reel,2024-08-02 22:32:10.813248,311,22,9,38,187,4,18,380,122.18649517684888
post_729,carousel,2024-08-02 22:32:10.813248,202,13,7,26,225,8,16,248,122.77227722772277
post_188,static,2024-08-02 22:32:10.813248,84,8,4,21,216,8,13,117,139.28571428571428
post_393,reel,2024-08-03 22:32:10.813248,254,19,15,29,218,13,12,317,124.80314960629921
post_566,reel,2024-08-03 22:32:10.813248,201,30,18,37,75,11,9,286,142.28855721393035
post_494,static,2024-08-03 22:32:10.813248,128,10,4,18,228,10,23,160,125.0
post_129,reel,2024-08-04 22:32:10.813248,238,26,14,34,60,5,12,312,131.0924369747899
post_733,carousel,2024-08-04 22:32:10.813248,164,11,8,25,217,3,5,208,126.82926829268293
post_563,static,2024-08-04 22:32:10.813248,135,13,6,14,79,14,11,168,124.44444444444444
post_428,carousel,2024-08-04 22:32:10.813248,197,25,7,25,257,5,18,254,128.93401015228426
post_205,static,2024-08-05 22:32:10.813248,136,10,3,25,241,6,20,174,127.94117647058823
post_608,reel,2024-08-05 22:32:10.813248,133,19,12,30,298,6,5,194,145.86466165413535
post_881,static,2024-08-05 22:32:10.813248,101,10,4,13,119,13,18,128,126.73267326732673
post_853,reel,2024-08-05 22:32:10.813248,204,21,12,35,199,12,1,272,133.33333333333331
post_285,carousel,2024-08-06 22:32:10.813248,168,20,10,33,232,8,17,231,137.5
post_168,static,2024-08-06 22:32:10.813248,105,10,4,12,191,15,21,131,124.76190476190476
post_156,static,2024-08-06 22:32:10.813248,81,7,3,20,104,10,4,111,137.03703703703704
post_470,static,2024-08-06 22:32:10.813248,150,5,9,18,285,9,19,182,121.33333333333334
post_848,carousel,2024-08-06 22:32:10.813248,197,12,6,37,189,9,9,252,127.91878172588834
post_492,reel,2024-08-07 22:32:10.813248,213,14,6,35,73,3,8,268,125.82159624413146
post_410,static,2024-08-07 22:32:10.813248,104,10,4,18,293,12,5,136,130.76923076923077
post_572,static,2024-08-07 22:32:10.813248,111,11,5,16,77,12,9,143,128.82882882882882
post_765,reel,2024-08-07 22:32:10.813248,209,26,12,33,139,15,5,280,133.9712918660287
post_152,reel,2024-08-07 22:32:10.813248,213,14,8,27,207,12,4,262,123.00469483568075
post_662,carousel,2024-08-07 22:32:10.813248,148,23,3,20,186,10,9,194,131.08108108108107
post_45,reel,2024-08-08 22:32:10.813248,262,13,10,26,100,3,7,311,118.70229007633588
post_159,reel,2024-08-08 22:32:10.813248,243,31,13,28,52,8,18,315,129.62962962962962
post_47,carousel,2024-08-08 22:32:10.813248,217,11,9,29,136,13,12,266,122.58064516129032
post_273,static,2024-08-08 22:32:10.813248,100,4,7,9,162,8,3,120,120.0
post_211,carousel,2024-08-09 22:32:10.813248,150,18,8,20,250,4,7,196,130.66666666666666
post_865,reel,2024-08-09 22:32:10.813248,245,39,14,27,226,8,10,325,132.6530612244898
post_773,reel,2024-08-09 22:32:10.813248,227,17,11,28,78,5,6,283,124.66960352422906
post_589,carousel,2024-08-09 22:32:10.813248,239,13,11,30,184,13,13,293,122.59414225941423
post_983,carousel,2024-08-09 22:32:10.813248,120,11,7,27,251,6,8,165,137.5
post_544,static,2024-08-10 22:32:10.813248,149,11,3,15,171,9,17,178,119.46308724832215
post_364,carousel,2024-08-10 22:32:10.813248,141,7,6,19,246,7,3,173,122.69503546099291
post_110,carousel,2024-08-10 22:32:10.813248,245,14,9,21,295,3,14,289,117.95918367346938
post_128,reel,2024-08-10 22:32:10.813248,249,18,9,20,295,13,1,296,118.87550200803211
post_351,reel,2024-08-11 22:32:10.813248,211,20,18,41,263,14,18,290,137.44075829383885
post_201,reel,2024-08-11 22:32:10.813248,260,26,16,38,179,13,19,340,130.76923076923077
post_394,carousel,2024-08-11 22:32:10.813248,228,14,8,28,107,15,2,278,121.9298245614035
post_668,carousel,2024-08-11 22:32:10.813248,154,15,7,24,248,14,16,200,129.87012987012986
post_541,static,2024-08-11 22:32:10.813248,90,10,4,20,257,7,8,124,137.77777777777777
post_40,carousel,2024-08-11 22:32:10.813248,125,12,8,17,102,11,11,162,129.6
post_660,carousel,2024-08-12 22:32:10.813248,112,18,12,33,56,4,10,175,156.25
post_750,static,2024-08-12 22:32:10.813248,102,11,2,16,139,11,4,131,128.4313725490196
post_440,static,2024-08-12 22:32:10.813248,137,9,6,20,232,5,9,172,125.54744525547446
post_528,carousel,2024-08-12 22:32:10.813248,149,22,10,29,183,6,14,210,140.93959731543623
post_815,static,2024-08-12 22:32:10.813248,135,12,5,16,78,5,7,168,124.44444444444444
post_227,static,2024-08-12 22:32:10.813248,136,11,5,21,160,8,14,173,127.20588235294117
post_635,reel,2024-08-13 22:32:10.813248,236,19,15,32,251,6,16,302,127.96610169491525
post_711,carousel,2024-08-13 22:32:10.813248,207,8,9,20,110,9,12,244,117.8743961352657
post_612,static,2024-08-13 22:32:10.813248,103,10,7,11,54,5,14,131,127.18446601941748
post_245,static,2024-08-13 22:32:10.813248,172,12,6,17,176,13,19,207,120.34883720930232
post_652,reel,2024-08-14 22:32:10.813248,220,15,11,28,65,10,10,274,124.54545454545453
post_58,static,2024-08-14 22:32:10.813248,100,10,3,12,239,3,0,125,125.0
post_650,reel,2024-08-14 22:32:10.813248,233,35,14,40,273,12,16,322,138.19742489270385
post_785,reel,2024-08-14 22:32:10.813248,259,25,12,32,201,5,18,328,126.64092664092664
post_456,static,2024-08-14 22:32:10.813248,165,12,4,20,276,13,17,201,121.81818181818183
post_413,reel,2024-08-14 22:32:10.813248,216,15,12,24,148,6,11,267,123.61111111111111
post_468,reel,2024-08-15 22:32:10.813248,313,26,16,38,256,3,13,393,125.5591054313099
post_924,reel,2024-08-15 22:32:10.813248,159,21,14,37,241,14,5,231,145.2830188679245
post_224,static,2024-08-15 22:32:10.813248,105,8,3,15,97,5,0,131,124.76190476190476
post_6,reel,2024-08-15 22:32:10.813248,149,20,11,24,73,6,1,204,136.91275167785236
post_294,carousel,2024-08-16 22:32:10.813248,217,18,10,24,165,13,17,269,123.963133640553
post_808,static,2024-08-16 22:32:10.813248,87,10,6,16,164,4,21,119,136.7816091954023
post_508,reel,2024-08-16 22:32:10.813248,311,18,11,39,165,13,19,379,121.86495176848875
post_8,carousel,2024-08-16 22:32:10.813248,133,17,12,31,246,10,20,193,145.11278195488723
post_747,static,2024-08-16 22:32:10.813248,77,7,5,15,149,12,21,104,135.06493506493507
post_90,static,2024-08-16 22:32:10.813248,90,7,5,12,170,11,21,114,126.66666666666666
post_587,reel,2024-08-17 22:32:10.813248,221,20,9,22,169,13,21,272,123.07692307692308
post_651,carousel,2024-08-17 22:32:10.813248,137,12,6,19,214,13,22,174,127.00729927007299
post_263,carousel,2024-08-17 22:32:10.813248,174,12,10,24,157,7,0,220,126.4367816091954
post_582,carousel,2024-08-17 22:32:10.813248,173,14,8,19,162,3,4,214,123.69942196531791
post_646,static,2024-08-17 22:32:10.813248,105,10,4,18,55,15,15,137,130.47619047619048
post_893,static,2024-08-17 22:32:10.813248,109,10,5,11,106,13,15,135,123.8532110091743
post_78,reel,2024-08-17 22:32:10.813248,213,26,13,28,133,9,1,280,131.45539906103286
post_860,reel,2024-08-17 22:32:10.813248,241,20,15,27,137,11,1,303,125.72614107883817
post_791,reel,2024-08-17 22:32:10.813248,159,21,11,28,90,13,23,219,137.73584905660377
post_287,static,2024-08-18 22:32:10.813248,87,11,3,9,133,3,7,110,126.4367816091954
post_920,carousel,2024-08-18 22:32:10.813248,148,8,6,20,163,5,2,182,122.97297297297298
post_880,static,2024-08-18 22:32:10.813248,86,11,4,19,73,9,22,120,139.53488372093022
post_390,static,2024-08-18 22:32:10.813248,137,12,4,17,184,13,17,170,124.08759124087592
post_909,reel,2024-08-18 22:32:10.813248,225,21,12,40,217,10,4,298,132.44444444444446
post_87,reel,2024-08-18 22:32:10.813248,223,17,14,41,270,7,14,295,132.28699551569508
post_936,static,2024-08-18 22:32:10.813248,103,8,4,14,279,12,21,129,125.24271844660196
post_501,carousel,2024-08-18 22:32:10.813248,248,17,11,40,232,14,17,316,127.41935483870968
post_187,reel,2024-08-19 22:32:10.813248,345,22,14,38,159,6,12,419,121.44927536231884
post_381,reel,2024-08-19 22:32:10.813248,185,14,7,40,128,10,23,246,132.97297297297297
post_835,carousel,2024-08-19 22:32:10.813248,149,10,9,29,58,14,2,197,132.21476510067114
post_634,carousel,2024-08-19 22:32:10.813248,234,18,8,35,299,10,18,295,126.06837606837607
post_169,carousel,2024-08-19 22:32:10.813248,142,12,8,33,219,15,22,195,137.32394366197184
post_238,carousel,2024-08-19 22:32:10.813248,131,21,10,24,248,9,1,186,141.98473282442748
post_830,static,2024-08-19 22:32:10.813248,105,10,4,8,76,12,16,127,120.95238095238095
post_461,static,2024-08-19 22:32:10.813248,130,11,4,19,202,10,15,164,126.15384615384615
post_627,reel,2024-08-19 22:32:10.813248,171,15,10,26,288,3,3,222,129.82456140350877
post_291,static,2024-08-20 22:32:10.813248,112,4,5,18,257,7,19,139,124.10714285714286
post_194,static,2024-08-20 22:32:10.813248,103,8,4,16,166,3,10,131,127.18446601941748
post_141,carousel,2024-08-20 22:32:10.813248,186,18,12,37,111,7,13,253,136.02150537634407
post_961,carousel,2024-08-20 22:32:10.813248,160,20,11,33,240,10,13,224,140.0
post_883,static,2024-08-20 22:32:10.813248,131,15,6,17,189,12,17,169,129.00763358778627
post_480,static,2024-08-20 22:32:10.813248,108,8,6,13,117,4,5,135,125.0
post_175,carousel,2024-08-20 22:32:10.813248,202,26,9,36,191,7,11,273,135.14851485148515
post_677,static,2024-08-20 22:32:10.813248,92,12,4,18,225,12,0,126,136.95652173913044
post_96,carousel,2024-08-21 22:32:10.813248,168,17,6,30,209,13,7,221,131.54761904761904
post_725,static,2024-08-21 22:32:10.813248,79,8,5,21,260,9,7,113,143.03797468354432
post_699,carousel,2024-08-21 22:32:10.813248,196,9,7,31,203,7,11,243,123.9795918367347
post_10,static,2024-08-22 22:32:10.813248,121,12,4,20,98,11,12,157,129.75206611570246
post_442,static,2024-08-22 22:32:10.813248,125,9,4,16,166,8,19,154,123.2
post_7,carousel,2024-08-22 22:32:10.813248,164,12,8,29,137,14,8,213,129.8780487804878
post_97,carousel,2024-08-22 22:32:10.813248,128,15,10,26,224,13,18,179,139.84375
post_356,reel,2024-08-22 22:32:10.813248,221,20,13,34,244,12,23,288,130.31674208144796
post_873,carousel,2024-08-22 22:32:10.813248,118,17,6,33,61,9,1,174,147.45762711864407
post_46,carousel,2024-08-23 22:32:10.813248,158,11,10,41,95,3,11,220,139.24050632911394
post_421,reel,2024-08-23 22:32:10.813248,147,18,11,35,129,12,22,211,143.5374149659864
post_417,carousel,2024-08-23 22:32:10.813248,147,14,8,31,133,14,21,200,136.05442176870747
post_631,reel,2024-08-23 22:32:10.813248,142,27,16,26,124,11,10,211,148.59154929577466
post_432,carousel,2024-08-23 22:32:10.813248,281,11,8,21,85,6,17,321,114.23487544483986
post_114,static,2024-08-23 22:32:10.813248,83,7,5,14,256,10,1,109,131.32530120481925
post_429,static,2024-08-23 22:32:10.813248,89,9,6,16,257,9,4,120,134.8314606741573
post_561,reel,2024-08-24 22:32:10.813248,213,19,15,26,88,13,1,273,128.16901408450704
post_907,carousel,2024-08-24 22:32:10.813248,200,17,6,31,88,6,19,254,127.0
post_689,static,2024-08-25 22:32:10.813248,108,7,4,18,54,11,10,137,126.85185185185186
post_681,carousel,2024-08-25 22:32:10.813248,228,13,9,27,178,8,20,277,121.49122807017542
post_29,carousel,2024-08-25 22:32:10.813248,209,16,13,33,133,15,15,271,129.66507177033492
post_756,reel,2024-08-25 22:32:10.813248,166,20,14,33,119,4,23,233,140.36144578313252
post_786,static,2024-08-25 22:32:10.813248,180,12,4,19,190,3,11,215,119.44444444444444
post_375,carousel,2024-08-26 22:32:10.813248,152,11,9,35,234,12,3,207,136.1842105263158
post_901,carousel,2024-08-26 22:32:10.813248,146,16,7,33,196,14,23,202,138.35616438356163
post_338,reel,2024-08-26 22:32:10.813248,213,12,14,35,75,11,7,274,128.63849765258215
post_445,static,2024-08-26 22:32:10.813248,104,9,5,15,236,13,20,133,127.88461538461537
post_996,reel,2024-08-26 22:32:10.813248,226,15,19,41,80,15,20,301,133.1858407079646
post_59,carousel,2024-08-26 22:32:10.813248,147,15,6,24,236,7,21,192,130.6122448979592
post_613,carousel,2024-08-26 22:32:10.813248,160,15,9,31,292,12,22,215,134.375
post_810,static,2024-08-26 22:32:10.813248,66,10,5,9,216,9,2,90,136.36363636363635
post_638,static,2024-08-27 22:32:10.813248,57,7,5,14,242,14,2,83,145.61403508771932
post_910,static,2024-08-27 22:32:10.813248,123,12,4,16,224,10,20,155,126.01626016260164
post_454,carousel,2024-08-27 22:32:10.813248,178,12,6,27,71,13,18,223,125.2808988764045
post_647,reel,2024-08-27 22:32:10.813248,187,26,16,32,272,9,4,261,139.57219251336898
post_722,static,2024-08-27 22:32:10.813248,135,10,3,11,148,10,4,159,117.77777777777779
post_971,carousel,2024-08-28 22:32:10.813248,167,12,8,20,86,15,4,207,123.95209580838322
post_488,carousel,2024-08-28 22:32:10.813248,196,23,11,33,235,3,20,263,134.18367346938774
post_941,reel,2024-08-28 22:32:10.813248,219,28,8,32,250,10,4,287,131.0502283105023
post_977,static,2024-08-29 22:32:10.813248,76,9,5,8,184,9,23,98,128.94736842105263
post_98,static,2024-08-29 22:32:10.813248,129,10,5,20,85,3,16,164,127.13178294573643
post_119,static,2024-08-29 22:32:10.813248,115,6,7,23,120,5,17,151,131.30434782608694
post_515,reel,2024-08-29 22:32:10.813248,182,22,15,34,248,10,3,253,139.010989010989
post_628,static,2024-08-29 22:32:10.813248,106,11,4,12,84,10,9,133,125.47169811320755
post_536,static,2024-08-29 22:32:10.813248,114,8,4,15,122,10,22,141,123.6842105263158
post_640,static,2024-08-29 22:32:10.813248,88,12,6,18,149,6,11,124,140.9090909090909
post_671,carousel,2024-08-29 22:32:10.813248,103,15,8,30,170,12,21,156,151.45631067961165
post_728,static,2024-08-30 22:32:10.813248,96,11,2,15,246,14,6,124,129.16666666666669
post_372,reel,2024-08-30 22:32:10.813248,256,13,10,29,269,6,14,308,120.3125
post_248,reel,2024-08-30 22:32:10.813248,289,17,9,47,165,12,10,362,125.25951557093427
post_208,reel,2024-08-30 22:32:10.813248,151,20,9,29,58,11,0,209,138.41059602649005
post_687,reel,2024-08-30 22:32:10.813248,284,25,7,20,298,10,14,336,118.30985915492957
post_836,reel,2024-08-30 22:32:10.813248,155,21,11,28,227,7,23,215,138.70967741935485
post_926,carousel,2024-08-30 22:32:10.813248,148,14,7,25,248,4,5,194,131.08108108108107
post_891,reel,2024-08-30 22:32:10.813248,237,26,11,36,126,10,9,310,130.8016877637131
post_458,static,2024-08-31 22:32:10.813248,152,13,6,16,98,13,9,187,123.0263157894737
post_35,static,2024-08-31 22:32:10.813248,134,15,5,12,96,11,12,166,123.88059701492537
post_535,reel,2024-08-31 22:32:10.813248,191,23,11,24,81,8,4,249,130.36649214659687
post_567,carousel,2024-08-31 22:32:10.813248,176,19,8,32,274,12,10,235,133.52272727272728
post_247,static,2024-08-31 22:32:10.813248,135,10,6,14,147,8,12,165,122.22222222222223
post_269,static,2024-08-31 22:32:10.813248,100,7,6,10,295,12,6,123,123.0
post_578,static,2024-09-01 22:32:10.813248,100,10,4,19,153,7,3,133,133.0
post_253,carousel,2024-09-01 22:32:10.813248,194,20,7,28,183,4,13,249,128.35051546391753
post_91,carousel,2024-09-01 22:32:10.813248,206,16,8,42,197,14,13,272,132.03883495145632
post_764,carousel,2024-09-01 22:32:10.813248,150,13,9,23,255,3,18,195,130.0
post_547,reel,2024-09-02 22:32:10.813248,223,23,12,25,118,4,3,283,126.90582959641257
post_921,reel,2024-09-02 22:32:10.813248,218,17,6,24,204,9,23,265,121.55963302752293
post_334,static,2024-09-02 22:32:10.813248,153,12,6,16,72,13,22,187,122.22222222222223
post_329,static,2024-09-02 22:32:10.813248,85,9,5,12,190,13,22,111,130.58823529411765
post_849,reel,2024-09-02 22:32:10.813248,160,18,14,36,133,4,4,228,142.5
post_385,reel,2024-09-02 22:32:10.813248,226,23,17,47,224,12,15,313,138.49557522123894
post_543,static,2024-09-02 22:32:10.813248,160,14,4,16,129,3,10,194,121.24999999999999
post_235,carousel,2024-09-02 22:32:10.813248,134,12,8,24,162,3,23,178,132.8358208955224
post_828,carousel,2024-09-02 22:32:10.813248,166,21,8,21,156,14,1,216,130.12048192771084
post_474,reel,2024-09-03 22:32:10.813248,274,18,7,50,253,8,19,349,127.37226277372262
post_997,static,2024-09-03 22:32:10.813248,117,10,4,15,91,11,2,146,124.78632478632478
post_185,carousel,2024-09-03 22:32:10.813248,107,21,8,34,184,5,12,170,158.87850467289718
post_624,static,2024-09-03 22:32:10.813248,144,11,6,15,201,9,9,176,122.22222222222223
post_228,static,2024-09-03 22:32:10.813248,75,10,4,14,272,4,5,103,137.33333333333334
post_954,reel,2024-09-03 22:32:10.813248,244,8,14,41,252,15,12,307,125.81967213114753
post_490,carousel,2024-09-04 22:32:10.813248,192,18,9,26,291,6,4,245,127.60416666666667
post_516,carousel,2024-09-04 22:32:10.813248,133,7,11,31,148,13,15,182,136.8421052631579
post_858,reel,2024-09-05 22:32:10.813248,134,27,13,41,209,5,20,215,160.44776119402985
post_950,reel,2024-09-05 22:32:10.813248,128,21,15,33,162,3,17,197,153.90625
post_481,static,2024-09-05 22:32:10.813248,103,10,4,15,249,14,15,132,128.15533980582526
post_222,static,2024-09-06 22:32:10.813248,140,10,3,21,148,13,19,174,124.28571428571429
post_196,carousel,2024-09-06 22:32:10.813248,178,14,7,28,175,10,12,227,127.52808988764043
post_692,reel,2024-09-06 22:32:10.813248,309,22,20,28,208,14,17,379,122.65372168284789
post_530,static,2024-09-06 22:32:10.813248,181,14,3,15,101,13,19,213,117.67955801104972
post_427,reel,2024-09-06 22:32:10.813248,62,27,9,38,171,3,15,136,219.3548387096774
post_829,carousel,2024-09-06 22:32:10.813248,151,13,6,21,185,15,4,191,126.49006622516556
post_841,carousel,2024-09-07 22:32:10.813248,151,10,7,26,61,7,3,194,128.47682119205297
post_777,carousel,2024-09-07 22:32:10.813248,193,19,8,18,242,7,19,238,123.3160621761658
post_863,static,2024-09-07 22:32:10.813248,82,7,5,15,58,10,22,109,132.9268292682927
post_313,carousel,2024-09-07 22:32:10.813248,124,15,8,32,222,10,8,179,144.35483870967744
post_267,reel,2024-09-07 22:32:10.813248,216,25,12,37,183,12,5,290,134.25925925925927
post_595,static,2024-09-07 22:32:10.813248,126,11,5,20,259,14,9,162,128.57142857142858
post_877,static,2024-09-08 22:32:10.813248,79,10,5,20,57,3,11,114,144.30379746835442
post_139,static,2024-09-08 22:32:10.813248,98,12,6,18,143,8,13,134,136.73469387755102
post_79,static,2024-09-08 22:32:10.813248,52,9,6,18,120,12,18,85,163.46153846153845
post_944,carousel,2024-09-09 22:32:10.813248,130,16,10,28,183,3,10,184,141.53846153846155
post_162,reel,2024-09-09 22:32:10.813248,265,16,14,14,274,5,7,309,116.60377358490565
post_790,carousel,2024-09-09 22:32:10.813248,112,13,5,24,165,13,21,154,137.5
post_482,static,2024-09-09 22:32:10.813248,109,14,7,18,89,13,17,148,135.7798165137615
post_620,reel,2024-09-09 22:32:10.813248,265,24,11,25,224,9,16,325,122.64150943396226
post_922,carousel,2024-09-09 22:32:10.813248,187,10,10,35,223,4,11,242,129.41176470588235
post_854,reel,2024-09-09 22:32:10.813248,242,21,15,43,96,12,15,321,132.64462809917353
post_958,static,2024-09-09 22:32:10.813248,109,10,4,13,252,15,6,136,124.77064220183487
post_902,carousel,2024-09-09 22:32:10.813248,116,13,10,31,227,12,3,170,146.55172413793102
post_982,reel,2024-09-09 22:32:10.813248,293,31,21,42,100,4,13,387,132.08191126279866
post_199,static,2024-09-09 22:32:10.813248,108,8,5,12,239,4,3,133,123.14814814814814
post_25,static,2024-09-09 22:32:10.813248,117,7,5,20,215,7,16,149,127.35042735042734
post_908,static,2024-09-10 22:32:10.813248,103,12,6,23,139,13,14,144,139.80582524271844
post_279,carousel,2024-09-10 22:32:10.813248,217,12,4,29,297,8,15,262,120.7373271889401
post_549,reel,2024-09-10 22:32:10.813248,194,24,12,24,68,10,0,254,130.9278350515464
post_795,reel,2024-09-10 22:32:10.813248,211,21,12,29,233,9,7,273,129.38388625592415
post_645,static,2024-09-10 22:32:10.813248,100,13,5,12,186,3,23,130,130.0
post_643,static,2024-09-10 22:32:10.813248,131,9,5,18,231,15,17,163,124.42748091603053
post_484,static,2024-09-10 22:32:10.813248,104,7,4,14,182,3,6,129,124.03846153846155
post_200,static,2024-09-10 22:32:10.813248,134,9,3,17,84,6,15,163,121.64179104477613
post_349,reel,2024-09-10 22:32:10.813248,295,24,14,20,106,7,19,353,119.66101694915254
post_816,reel,2024-09-11 22:32:10.813248,154,16,12,31,188,11,8,213,138.31168831168833
post_296,static,2024-09-11 22:32:10.813248,93,12,4,14,99,11,6,123,132.25806451612902
post_350,carousel,2024-09-11 22:32:10.813248,184,11,5,9,132,11,5,209,113.58695652173914
post_274,reel,2024-09-11 22:32:10.813248,217,20,11,39,255,4,23,287,132.25806451612902
post_246,carousel,2024-09-11 22:32:10.813248,187,18,10,37,84,15,15,252,134.75935828877004
post_483,carousel,2024-09-11 22:32:10.813248,156,14,6,21,191,7,6,197,126.28205128205127
post_362,static,2024-09-11 22:32:10.813248,117,10,4,28,238,12,14,159,135.8974358974359
post_423,static,2024-09-12 22:32:10.813248,104,12,4,16,240,12,21,136,130.76923076923077
post_19,carousel,2024-09-12 22:32:10.813248,78,20,7,18,137,7,0,123,157.69230769230768
post_813,carousel,2024-09-12 22:32:10.813248,188,14,5,27,244,8,4,234,124.46808510638299
post_564,static,2024-09-12 22:32:10.813248,156,10,5,21,98,11,18,192,123.07692307692308
post_869,static,2024-09-12 22:32:10.813248,128,8,3,14,113,11,22,153,119.53125
post_698,carousel,2024-09-12 22:32:10.813248,216,11,10,35,102,6,18,272,125.92592592592592
post_738,static,2024-09-12 22:32:10.813248,97,8,4,18,282,9,15,127,130.9278350515464
post_497,carousel,2024-09-12 22:32:10.813248,144,13,9,18,201,15,2,184,127.77777777777777
post_834,static,2024-09-13 22:32:10.813248,122,10,3,16,185,7,21,151,123.77049180327869
post_956,static,2024-09-13 22:32:10.813248,149,12,4,15,272,11,5,180,120.80536912751678
post_158,carousel,2024-09-13 22:32:10.813248,142,14,11,27,94,8,3,194,136.61971830985914
post_513,reel,2024-09-13 22:32:10.813248,123,18,13,36,62,3,4,190,154.47154471544715
post_384,carousel,2024-09-13 22:32:10.813248,181,18,9,20,218,6,2,228,125.96685082872926
post_498,carousel,2024-09-14 22:32:10.813248,205,15,9,29,241,9,20,258,125.85365853658537
post_900,static,2024-09-14 22:32:10.813248,139,14,6,17,180,6,14,176,126.61870503597122
post_619,reel,2024-09-14 22:32:10.813248,216,17,13,33,271,3,20,279,129.16666666666669
post_236,static,2024-09-14 22:32:10.813248,95,10,4,14,51,15,8,123,129.47368421052633
post_24,static,2024-09-14 22:32:10.813248,103,11,6,12,59,12,21,132,128.15533980582526
post_495,static,2024-09-14 22:32:10.813248,136,11,6,14,79,8,19,167,122.79411764705883
post_455,reel,2024-09-15 22:32:10.813248,193,17,13,34,92,5,23,257,133.16062176165804
post_0,carousel,2024-09-15 22:32:10.813248,154,16,9,16,115,7,12,195,126.62337662337661
post_217,reel,2024-09-15 22:32:10.813248,249,27,12,43,118,6,12,331,132.93172690763052
post_231,static,2024-09-15 22:32:10.813248,95,11,6,19,101,12,5,131,137.89473684210526
post_220,carousel,2024-09-15 22:32:10.813248,236,18,7,38,275,9,16,299,126.69491525423729
post_776,carousel,2024-09-15 22:32:10.813248,125,13,9,30,247,15,20,177,141.6
post_32,static,2024-09-15 22:32:10.813248,118,11,4,15,58,8,20,148,125.42372881355932
post_113,static,2024-09-15 22:32:10.813248,146,11,5,22,55,15,18,184,126.02739726027397
post_532,reel,2024-09-16 22:32:10.813248,200,18,14,34,249,3,19,266,133.0
post_179,carousel,2024-09-16 22:32:10.813248,139,13,9,30,291,12,2,191,137.41007194244602
post_658,reel,2024-09-16 22:32:10.813248,211,21,14,22,249,6,6,268,127.01421800947867
post_359,static,2024-09-16 22:32:10.813248,70,10,2,14,286,13,13,96,137.14285714285714
post_888,carousel,2024-09-16 22:32:10.813248,171,19,13,27,266,15,15,230,134.5029239766082
post_887,reel,2024-09-16 22:32:10.813248,187,18,11,36,105,13,21,252,134.75935828877004
post_856,reel,2024-09-16 22:32:10.813248,238,23,20,32,59,8,10,313,131.51260504201682
post_636,reel,2024-09-17 22:32:10.813248,246,18,14,34,234,14,10,312,126.82926829268293
post_464,static,2024-09-17 22:32:10.813248,110,10,6,11,242,13,0,137,124.54545454545453
post_328,carousel,2024-09-17 22:32:10.813248,130,13,7,24,178,9,1,174,133.84615384615384
post_876,static,2024-09-17 22:32:10.813248,118,9,7,17,129,11,3,151,127.96610169491525
post_657,static,2024-09-17 22:32:10.813248,103,9,5,18,232,6,7,135,131.06796116504856
post_827,static,2024-09-17 22:32:10.813248,105,8,3,18,121,5,4,134,127.6190476190476
post_71,static,2024-09-18 22:32:10.813248,107,14,4,15,202,11,14,140,130.8411214953271
post_172,carousel,2024-09-18 22:32:10.813248,121,13,7,29,138,4,3,170,140.49586776859505
post_703,carousel,2024-09-18 22:32:10.813248,188,14,7,19,291,7,8,228,121.27659574468086
post_289,carousel,2024-09-18 22:32:10.813248,139,14,8,20,220,8,13,181,130.2158273381295
post_241,static,2024-09-18 22:32:10.813248,125,8,3,18,183,11,3,154,123.2
post_61,carousel,2024-09-18 22:32:10.813248,147,15,5,21,69,8,4,188,127.89115646258504
post_918,carousel,2024-09-18 22:32:10.813248,124,22,6,19,129,15,4,171,137.90322580645162
post_479,carousel,2024-09-19 22:32:10.813248,87,22,10,40,163,7,9,159,182.75862068965517
post_244,carousel,2024-09-19 22:32:10.813248,172,18,8,26,196,13,15,224,130.2325581395349
post_268,reel,2024-09-19 22:32:10.813248,259,17,12,26,108,12,14,314,121.23552123552123
post_284,carousel,2024-09-19 22:32:10.813248,151,19,12,40,228,3,17,222,147.01986754966887
post_399,carousel,2024-09-19 22:32:10.813248,190,10,11,34,250,9,23,245,128.94736842105263
post_822,reel,2024-09-20 22:32:10.813248,210,15,14,33,118,7,8,272,129.52380952380952
post_115,static,2024-09-20 22:32:10.813248,129,11,3,13,207,15,5,156,120.93023255813952
post_632,reel,2024-09-20 22:32:10.813248,155,18,5,30,139,7,3,208,134.1935483870968
post_34,static,2024-09-20 22:32:10.813248,108,9,4,22,86,7,11,143,132.40740740740742
post_914,carousel,2024-09-20 22:32:10.813248,180,14,5,32,159,3,21,231,128.33333333333334
post_89,carousel,2024-09-20 22:32:10.813248,107,13,9,22,276,7,2,151,141.12149532710282
post_342,static,2024-09-21 22:32:10.813248,115,10,6,13,106,6,16,144,125.21739130434784
post_26,static,2024-09-21 22:32:10.813248,96,10,5,17,196,14,7,128,133.33333333333331
post_609,static,2024-09-21 22:32:10.813248,115,9,4,12,158,9,17,140,121.73913043478262
post_993,static,2024-09-21 22:32:10.813248,124,10,3,19,149,6,11,156,125.80645161290323
post_310,static,2024-09-21 22:32:10.813248,108,10,5,15,236,6,5,138,127.77777777777777
post_948,reel,2024-09-21 22:32:10.813248,215,28,12,31,145,11,14,286,133.02325581395348
post_360,carousel,2024-09-21 22:32:10.813248,220,17,6,24,175,3,16,267,121.36363636363636
post_72,carousel,2024-09-22 22:32:10.813248,155,16,8,36,216,11,20,215,138.70967741935485
post_794,static,2024-09-22 22:32:10.813248,107,13,5,6,120,10,19,131,122.42990654205607
post_438,reel,2024-09-22 22:32:10.813248,168,21,10,24,105,3,1,223,132.73809523809524
post_131,reel,2024-09-22 22:32:10.813248,259,29,15,36,278,5,16,339,130.8880308880309
post_953,reel,2024-09-22 22:32:10.813248,193,21,19,31,257,10,20,264,136.78756476683938
post_933,reel,2024-09-23 22:32:10.813248,248,19,16,37,183,13,19,320,129.03225806451613
post_453,reel,2024-09-23 22:32:10.813248,130,22,14,26,243,9,5,192,147.6923076923077
post_449,static,2024-09-24 22:32:10.813248,141,8,4,15,186,8,6,168,119.14893617021276
post_107,static,2024-09-24 22:32:10.813248,152,10,6,17,190,9,17,185,121.71052631578947
post_290,reel,2024-09-24 22:32:10.813248,224,33,11,39,224,9,12,307,137.05357142857142
post_307,static,2024-09-24 22:32:10.813248,99,8,6,17,140,11,5,130,131.31313131313132
post_412,static,2024-09-24 22:32:10.813248,99,9,6,19,147,13,21,133,134.34343434343435
post_842,reel,2024-09-24 22:32:10.813248,210,25,12,23,280,13,18,270,128.57142857142858
post_903,reel,2024-09-24 22:32:10.813248,252,14,8,32,65,4,7,306,121.42857142857142
post_124,static,2024-09-25 22:32:10.813248,94,11,4,22,69,5,9,131,139.36170212765958
post_401,reel,2024-09-25 22:32:10.813248,229,24,20,27,220,6,18,300,131.00436681222706
post_357,reel,2024-09-25 22:32:10.813248,206,23,16,38,81,13,23,283,137.37864077669903
post_745,static,2024-09-25 22:32:10.813248,151,16,7,6,134,8,15,180,119.20529801324504
post_318,carousel,2024-09-25 22:32:10.813248,147,14,5,34,283,6,16,200,136.05442176870747
post_562,reel,2024-09-26 22:32:10.813248,235,12,9,21,184,5,2,277,117.87234042553192
post_83,reel,2024-09-26 22:32:10.813248,231,36,11,35,86,13,9,313,135.4978354978355
post_272,reel,2024-09-26 22:32:10.813248,159,23,10,30,130,5,4,222,139.62264150943395
post_976,static,2024-09-26 22:32:10.813248,110,6,5,12,87,3,2,133,120.9090909090909
post_783,static,2024-09-26 22:32:10.813248,192,15,6,11,202,10,15,224,116.66666666666667
post_760,static,2024-09-26 22:32:10.813248,129,12,5,20,220,6,18,166,128.68217054263567
post_250,static,2024-09-26 22:32:10.813248,98,11,4,21,156,13,6,134,136.73469387755102
post_538,carousel,2024-09-26 22:32:10.813248,164,22,8,41,75,15,17,235,143.29268292682926
post_339,carousel,2024-09-27 22:32:10.813248,108,12,9,18,235,12,13,147,136.11111111111111
post_748,static,2024-09-27 22:32:10.813248,111,10,4,20,199,11,10,145,130.63063063063063
post_744,reel,2024-09-27 22:32:10.813248,201,21,16,41,54,4,14,279,138.80597014925374
post_718,static,2024-09-28 22:32:10.813248,128,8,5,7,88,9,17,148,115.625
post_656,static,2024-09-28 22:32:10.813248,118,7,4,9,281,12,0,138,116.94915254237289
post_870,carousel,2024-09-28 22:32:10.813248,137,12,7,23,190,3,21,179,130.65693430656935
post_499,carousel,2024-09-28 22:32:10.813248,153,17,6,28,234,4,22,204,133.33333333333331
post_215,carousel,2024-09-28 22:32:10.813248,218,16,8,30,272,14,16,272,124.77064220183487
post_550,static,2024-09-29 22:32:10.813248,128,9,3,16,207,15,16,156,121.875
post_51,static,2024-09-29 22:32:10.813248,111,13,6,13,217,3,4,143,128.82882882882882
post_616,reel,2024-09-29 22:32:10.813248,178,20,9,27,288,4,22,234,131.46067415730337
post_979,carousel,2024-09-29 22:32:10.813248,158,14,6,22,209,3,7,200,126.58227848101266
post_753,carousel,2024-09-30 22:32:10.813248,182,16,8,32,159,11,4,238,130.76923076923077
post_960,static,2024-09-30 22:32:10.813248,49,11,5,16,133,8,2,81,165.3061224489796
post_379,carousel,2024-09-30 22:32:10.813248,147,15,5,24,118,8,3,191,129.93197278911566
post_704,carousel,2024-09-30 22:32:10.813248,154,18,7,20,281,9,7,199,129.2207792207792
post_838,carousel,2024-09-30 22:32:10.813248,193,13,10,34,157,9,16,250,129.5336787564767
post_430,static,2024-10-01 22:32:10.813248,50,9,3,21,247,6,14,83,166.0
post_879,static,2024-10-01 22:32:10.813248,126,9,5,12,178,14,6,152,120.63492063492063
post_694,reel,2024-10-01 22:32:10.813248,311,25,10,20,148,10,9,366,117.68488745980707
post_992,static,2024-10-01 22:32:10.813248,77,10,5,12,170,13,0,104,135.06493506493507
post_378,reel,2024-10-01 22:32:10.813248,210,23,11,31,143,13,1,275,130.95238095238096
post_975,carousel,2024-10-02 22:32:10.813248,187,12,9,30,108,15,19,238,127.27272727272727
post_41,static,2024-10-02 22:32:10.813248,86,10,2,18,197,6,6,116,134.88372093023256
post_548,static,2024-10-02 22:32:10.813248,121,12,4,13,222,14,17,150,123.96694214876034
post_118,static,2024-10-02 22:32:10.813248,128,13,6,15,236,6,10,162,126.5625
post_885,static,2024-10-02 22:32:10.813248,110,9,5,11,65,8,18,135,122.72727272727273
post_690,carousel,2024-10-02 22:32:10.813248,191,19,9,20,230,8,15,239,125.13089005235602
post_874,reel,2024-10-02 22:32:10.813248,302,20,10,39,216,11,5,371,122.84768211920529
post_709,carousel,2024-10-02 22:32:10.813248,180,19,11,44,221,12,12,254,141.11111111111111
post_105,reel,2024-10-03 22:32:10.813248,210,15,9,35,115,12,1,269,128.09523809523807
post_486,carousel,2024-10-03 22:32:10.813248,143,20,9,21,242,14,10,193,134.96503496503496
post_395,carousel,2024-10-03 22:32:10.813248,152,15,10,23,296,8,5,200,131.57894736842107
post_942,reel,2024-10-03 22:32:10.813248,200,23,14,29,70,15,8,266,133.0
post_970,carousel,2024-10-03 22:32:10.813248,150,22,8,25,222,12,11,205,136.66666666666666
post_323,reel,2024-10-03 22:32:10.813248,173,18,11,30,105,8,2,232,134.10404624277456
post_278,reel,2024-10-04 22:32:10.813248,229,22,9,39,228,8,14,299,130.56768558951967
post_184,reel,2024-10-04 22:32:10.813248,205,23,11,42,64,7,11,281,137.07317073170734
post_171,carousel,2024-10-04 22:32:10.813248,130,14,6,24,241,12,7,174,133.84615384615384
post_160,carousel,2024-10-04 22:32:10.813248,136,13,5,26,253,11,7,180,132.35294117647058
post_648,reel,2024-10-04 22:32:10.813248,175,19,6,26,144,14,21,226,129.14285714285714
post_784,carousel,2024-10-05 22:32:10.813248,130,16,7,25,247,7,5,178,136.92307692307693
post_193,static,2024-10-05 22:32:10.813248,130,13,4,17,101,4,17,164,126.15384615384615
post_197,carousel,2024-10-05 22:32:10.813248,133,10,10,19,236,8,2,172,129.32330827067668
post_969,static,2024-10-05 22:32:10.813248,108,8,5,20,131,6,14,141,130.55555555555557
post_262,reel,2024-10-05 22:32:10.813248,181,16,10,33,286,5,21,240,132.5966850828729
post_661,static,2024-10-05 22:32:10.813248,102,11,6,11,123,3,3,130,127.45098039215685
post_512,reel,2024-10-05 22:32:10.813248,264,13,13,28,59,12,15,318,120.45454545454545
post_565,static,2024-10-06 22:32:10.813248,122,7,6,14,52,10,20,149,122.13114754098359
post_347,static,2024-10-06 22:32:10.813248,93,10,5,17,246,14,0,125,134.40860215053763
post_367,carousel,2024-10-06 22:32:10.813248,164,20,8,35,223,13,16,227,138.41463414634146
post_203,reel,2024-10-06 22:32:10.813248,136,17,15,28,298,4,22,196,144.11764705882354
post_558,carousel,2024-10-06 22:32:10.813248,92,10,8,23,101,3,6,133,144.56521739130434
post_557,static,2024-10-07 22:32:10.813248,119,11,5,18,119,3,5,153,128.57142857142858
post_812,carousel,2024-10-07 22:32:10.813248,149,16,8,27,253,6,3,200,134.2281879194631
post_758,static,2024-10-07 22:32:10.813248,117,14,4,14,300,14,9,149,127.35042735042734
post_542,carousel,2024-10-07 22:32:10.813248,165,19,4,32,55,11,11,220,133.33333333333331
post_705,reel,2024-10-07 22:32:10.813248,200,16,9,36,101,5,4,261,130.5
post_123,static,2024-10-07 22:32:10.813248,84,10,3,14,242,7,0,111,132.14285714285714
post_446,reel,2024-10-07 22:32:10.813248,247,19,14,40,208,15,9,320,129.55465587044534
post_450,carousel,2024-10-07 22:32:10.813248,150,24,10,21,198,15,17,205,136.66666666666666
post_503,static,2024-10-07 22:32:10.813248,68,12,6,16,275,3,3,102,150.0
post_300,static,2024-10-08 22:32:10.813248,118,13,4,18,143,15,19,153,129.66101694915255
post_517,carousel,2024-10-08 22:32:10.813248,151,20,6,29,218,13,16,206,136.42384105960267
post_80,carousel,2024-10-08 22:32:10.813248,246,15,8,25,230,5,18,294,119.51219512195121
post_422,carousel,2024-10-08 22:32:10.813248,184,17,10,14,157,4,5,225,122.28260869565217
post_576,carousel,2024-10-09 22:32:10.813248,83,21,4,28,89,15,10,136,163.85542168674698
post_437,carousel,2024-10-09 22:32:10.813248,186,14,6,26,274,8,11,232,124.73118279569893
post_271,static,2024-10-09 22:32:10.813248,125,12,6,12,185,11,17,155,124.0
post_414,reel,2024-10-10 22:32:10.813248,231,12,11,31,232,8,1,285,123.37662337662339
post_527,static,2024-10-10 22:32:10.813248,120,13,5,19,120,11,15,157,130.83333333333334
post_361,static,2024-10-10 22:32:10.813248,85,10,3,15,261,5,6,113,132.94117647058823
post_801,static,2024-10-10 22:32:10.813248,142,7,4,14,97,14,10,167,117.6056338028169
post_491,static,2024-10-10 22:32:10.813248,66,9,4,22,289,4,7,101,153.03030303030303
post_787,static,2024-10-10 22:32:10.813248,132,5,5,17,172,4,19,159,120.45454545454545
post_439,static,2024-10-11 22:32:10.813248,82,9,5,12,220,4,2,108,131.70731707317074
post_568,static,2024-10-11 22:32:10.813248,131,12,6,18,61,11,18,167,127.48091603053436
post_127,carousel,2024-10-12 22:32:10.813248,142,16,9,27,171,4,23,194,136.61971830985914
post_36,static,2024-10-12 22:32:10.813248,84,10,3,20,190,8,13,117,139.28571428571428
post_951,static,2024-10-12 22:32:10.813248,164,7,6,16,246,5,12,193,117.68292682926828
post_708,static,2024-10-12 22:32:10.813248,95,9,6,18,142,12,22,128,134.73684210526315
post_298,reel,2024-10-13 22:32:10.813248,188,21,9,27,66,11,1,245,130.3191489361702
post_299,carousel,2024-10-13 22:32:10.813248,181,15,11,33,298,6,0,240,132.5966850828729
post_667,static,2024-10-13 22:32:10.813248,128,11,3,12,269,12,9,154,120.3125
post_86,carousel,2024-10-13 22:32:10.813248,197,18,11,34,235,9,11,260,131.97969543147207
post_277,static,2024-10-13 22:32:10.813248,103,10,4,18,89,11,7,135,131.06796116504856
post_303,static,2024-10-14 22:32:10.813248,131,15,5,18,179,6,10,169,129.00763358778627
post_906,reel,2024-10-14 22:32:10.813248,212,19,4,21,76,12,23,256,120.75471698113208
post_343,static,2024-10-15 22:32:10.813248,116,12,6,20,207,10,14,154,132.75862068965517
post_964,carousel,2024-10-15 22:32:10.813248,170,21,9,28,293,13,18,228,134.1176470588235
post_682,reel,2024-10-16 22:32:10.813248,200,21,9,32,156,15,2,262,131.0
post_798,static,2024-10-16 22:32:10.813248,84,13,4,18,270,12,10,119,141.66666666666669
post_719,reel,2024-10-16 22:32:10.813248,204,20,13,43,272,9,13,280,137.2549019607843
post_986,reel,2024-10-16 22:32:10.813248,274,20,15,28,223,9,4,337,122.99270072992701
post_739,static,2024-10-16 22:32:10.813248,130,11,4,18,296,9,4,163,125.38461538461539
post_133,static,2024-10-17 22:32:10.813248,142,9,3,13,60,7,12,167,117.6056338028169
post_762,static,2024-10-17 22:32:10.813248,116,18,6,16,203,13,15,156,134.48275862068965
post_571,static,2024-10-17 22:32:10.813248,171,15,7,19,142,11,15,212,123.9766081871345
post_148,static,2024-10-17 22:32:10.813248,68,10,5,12,134,5,4,95,139.70588235294116
post_553,carousel,2024-10-17 22:32:10.813248,159,17,7,27,210,3,8,210,132.0754716981132
post_142,static,2024-10-18 22:32:10.813248,82,11,3,15,271,4,6,111,135.3658536585366
post_899,static,2024-10-18 22:32:10.813248,117,12,4,15,96,13,7,148,126.49572649572649
post_402,reel,2024-10-18 22:32:10.813248,322,28,14,40,81,6,12,404,125.46583850931677
post_52,static,2024-10-18 22:32:10.813248,87,10,4,12,209,15,3,113,129.8850574712644
post_229,carousel,2024-10-18 22:32:10.813248,100,17,10,23,53,6,11,150,150.0
post_68,static,2024-10-18 22:32:10.813248,80,7,6,11,136,4,23,104,130.0
post_590,static,2024-10-18 22:32:10.813248,144,16,6,20,188,8,9,186,129.16666666666669
post_811,static,2024-10-19 22:32:10.813248,96,10,5,20,104,4,7,131,136.45833333333331
post_452,static,2024-10-19 22:32:10.813248,112,10,4,19,109,9,2,145,129.46428571428572
post_892,carousel,2024-10-19 22:32:10.813248,166,11,9,31,214,6,20,217,130.72289156626508
post_418,static,2024-10-19 22:32:10.813248,136,7,4,14,136,13,2,161,118.38235294117648
post_598,static,2024-10-19 22:32:10.813248,132,11,7,21,68,6,11,171,129.54545454545453
post_354,reel,2024-10-19 22:32:10.813248,250,16,13,45,101,12,14,324,129.6
post_943,static,2024-10-19 22:32:10.813248,55,8,5,9,60,8,4,77,140.0
post_775,carousel,2024-10-19 22:32:10.813248,170,14,7,27,248,7,21,218,128.23529411764707
post_672,static,2024-10-19 22:32:10.813248,139,10,5,15,226,15,14,169,121.58273381294964
post_622,static,2024-10-19 22:32:10.813248,114,10,4,14,185,8,19,142,124.56140350877195
post_866,carousel,2024-10-19 22:32:10.813248,167,15,6,32,139,13,13,220,131.73652694610777
post_341,static,2024-10-19 22:32:10.813248,147,14,3,13,141,7,4,177,120.40816326530613
post_580,static,2024-10-20 22:32:10.813248,134,11,4,17,192,12,18,166,123.88059701492537
post_593,static,2024-10-20 22:32:10.813248,143,4,7,18,181,9,20,172,120.27972027972027
post_336,static,2024-10-20 22:32:10.813248,94,9,6,21,222,11,15,130,138.29787234042556
post_514,static,2024-10-20 22:32:10.813248,115,9,5,15,149,4,23,144,125.21739130434784
post_511,reel,2024-10-20 22:32:10.813248,268,31,14,36,258,10,9,349,130.22388059701493
post_529,static,2024-10-20 22:32:10.813248,90,11,5,17,114,6,2,123,136.66666666666666
post_409,carousel,2024-10-20 22:32:10.813248,76,10,5,24,107,6,6,115,151.3157894736842
post_120,static,2024-10-21 22:32:10.813248,104,9,4,12,81,14,8,129,124.03846153846155
post_27,carousel,2024-10-21 22:32:10.813248,145,17,7,11,252,8,3,180,124.13793103448276
post_912,carousel,2024-10-21 22:32:10.813248,146,24,6,27,278,8,14,203,139.04109589041096
post_42,carousel,2024-10-21 22:32:10.813248,162,15,11,27,255,11,17,215,132.71604938271605
post_715,static,2024-10-21 22:32:10.813248,112,12,5,16,205,10,20,145,129.46428571428572
post_878,carousel,2024-10-21 22:32:10.813248,140,14,7,24,241,8,9,185,132.14285714285714
post_345,carousel,2024-10-22 22:32:10.813248,207,21,7,27,254,9,18,262,126.57004830917874
post_104,carousel,2024-10-22 22:32:10.813248,219,20,6,12,139,5,20,257,117.351598173516
post_949,carousel,2024-10-22 22:32:10.813248,203,21,11,29,280,5,14,264,130.04926108374383
post_644,carousel,2024-10-22 22:32:10.813248,202,12,7,26,194,10,21,247,122.27722772277228
post_797,static,2024-10-22 22:32:10.813248,80,7,6,17,228,6,3,110,137.5
post_471,static,2024-10-22 22:32:10.813248,163,11,4,18,92,11,15,196,120.24539877300613
post_995,static,2024-10-22 22:32:10.813248,119,13,4,20,138,9,16,156,131.0924369747899
post_586,carousel,2024-10-22 22:32:10.813248,171,13,8,24,115,8,6,216,126.3157894736842
post_225,static,2024-10-23 22:32:10.813248,122,6,2,15,143,11,6,145,118.85245901639345
post_85,carousel,2024-10-23 22:32:10.813248,129,13,9,23,152,4,1,174,134.88372093023256
post_980,static,2024-10-23 22:32:10.813248,94,8,5,16,293,14,6,123,130.85106382978725
post_852,static,2024-10-23 22:32:10.813248,134,7,4,19,248,4,9,164,122.38805970149254
post_182,carousel,2024-10-23 22:32:10.813248,130,19,8,11,209,5,4,168,129.23076923076923
post_496,carousel,2024-10-23 22:32:10.813248,185,11,8,28,251,3,4,232,125.40540540540542
post_435,static,2024-10-24 22:32:10.813248,121,7,5,17,193,6,10,150,123.96694214876034
post_915,reel,2024-10-24 22:32:10.813248,208,12,9,32,193,7,21,261,125.48076923076923
post_75,carousel,2024-10-24 22:32:10.813248,227,22,10,20,186,7,18,279,122.90748898678414
post_103,reel,2024-10-25 22:32:10.813248,130,18,14,28,292,7,0,190,146.15384615384613
post_872,carousel,2024-10-25 22:32:10.813248,195,11,8,32,115,11,15,246,126.15384615384615
post_837,static,2024-10-25 22:32:10.813248,100,14,6,23,265,13,18,143,143.0
post_603,static,2024-10-25 22:32:10.813248,121,10,3,14,131,10,23,148,122.31404958677685
post_684,static,2024-10-26 22:32:10.813248,146,10,5,13,222,11,1,174,119.17808219178083
post_569,carousel,2024-10-26 22:32:10.813248,207,20,9,24,186,8,15,260,125.60386473429952
post_397,static,2024-10-26 22:32:10.813248,94,10,5,17,156,14,6,126,134.04255319148936
post_605,static,2024-10-26 22:32:10.813248,113,10,4,19,122,7,12,146,129.20353982300884
post_932,static,2024-10-27 22:32:10.813248,105,9,4,15,80,6,17,133,126.66666666666666
post_173,carousel,2024-10-27 22:32:10.813248,156,18,9,34,183,14,14,217,139.1025641025641
post_391,static,2024-10-27 22:32:10.813248,106,12,4,20,272,7,12,142,133.96226415094338
post_88,carousel,2024-10-27 22:32:10.813248,142,20,9,28,234,5,12,199,140.14084507042253
post_864,static,2024-10-27 22:32:10.813248,109,9,4,15,274,3,7,137,125.68807339449542
post_978,carousel,2024-10-27 22:32:10.813248,202,12,7,31,249,15,10,252,124.75247524752476
post_800,carousel,2024-10-28 22:32:10.813248,117,15,7,22,250,6,11,161,137.60683760683762
post_861,carousel,2024-10-28 22:32:10.813248,222,18,10,22,128,7,9,272,122.52252252252251
post_420,static,2024-10-28 22:32:10.813248,135,8,5,13,273,14,0,161,119.25925925925927
post_363,reel,2024-10-28 22:32:10.813248,218,17,12,26,250,11,21,273,125.22935779816513
post_820,reel,2024-10-28 22:32:10.813248,242,22,13,33,94,6,2,310,128.099173553719
post_408,carousel,2024-10-28 22:32:10.813248,154,16,6,25,204,8,3,201,130.5194805194805
post_867,carousel,2024-10-28 22:32:10.813248,186,18,8,20,172,5,23,232,124.73118279569893
post_752,carousel,2024-10-28 22:32:10.813248,139,21,11,21,174,3,9,192,138.1294964028777
post_106,carousel,2024-10-28 22:32:10.813248,203,11,7,14,99,13,2,235,115.76354679802957
post_198,reel,2024-10-29 22:32:10.813248,224,18,10,36,226,15,0,288,128.57142857142858
post_526,carousel,2024-10-29 22:32:10.813248,174,11,10,27,222,15,10,222,127.58620689655173
post_545,carousel,2024-10-29 22:32:10.813248,173,13,5,24,77,15,2,215,124.27745664739885
post_735,carousel,2024-10-29 22:32:10.813248,154,15,5,35,225,5,11,209,135.71428571428572
post_847,static,2024-10-29 22:32:10.813248,97,14,5,19,277,4,18,135,139.17525773195877
post_649,reel,2024-10-29 22:32:10.813248,208,21,14,36,102,10,23,279,134.1346153846154
post_952,reel,2024-10-29 22:32:10.813248,182,21,9,58,125,3,11,270,148.35164835164835
post_249,carousel,2024-10-29 22:32:10.813248,168,15,9,33,284,4,17,225,133.92857142857142
post_157,static,2024-10-29 22:32:10.813248,94,9,5,15,226,7,5,123,130.85106382978725
post_666,carousel,2024-10-30 22:32:10.813248,175,18,6,13,217,9,2,212,121.14285714285715
post_737,reel,2024-10-30 22:32:10.813248,229,26,17,42,296,10,18,314,137.117903930131
post_102,reel,2024-10-30 22:32:10.813248,194,25,21,32,124,7,13,272,140.2061855670103
post_282,static,2024-10-30 22:32:10.813248,120,11,4,15,164,12,9,150,125.0
post_723,reel,2024-10-30 22:32:10.813248,242,22,11,17,207,13,7,292,120.66115702479338
post_999,reel,2024-10-30 22:32:10.813248,184,25,14,33,215,9,1,256,139.1304347826087
post_317,carousel,2024-10-30 22:32:10.813248,174,13,8,26,53,8,14,221,127.01149425287358
post_431,reel,2024-10-30 22:32:10.813248,220,15,10,35,127,4,23,280,127.27272727272727
post_319,reel,2024-10-31 22:32:10.813248,262,19,7,39,242,3,15,327,124.8091603053435
post_796,carousel,2024-10-31 22:32:10.813248,140,16,5,13,162,5,2,174,124.28571428571429
post_913,carousel,2024-10-31 22:32:10.813248,123,21,11,23,132,8,18,178,144.71544715447155
post_968,reel,2024-10-31 22:32:10.813248,274,19,12,42,68,9,11,347,126.64233576642336
post_337,reel,2024-11-01 22:32:10.813248,182,11,21,42,115,4,18,256,140.65934065934067
post_577,static,2024-11-01 22:32:10.813248,99,9,4,20,92,13,3,132,133.33333333333331
post_802,static,2024-11-01 22:32:10.813248,152,13,7,17,196,5,9,189,124.3421052631579
post_301,carousel,2024-11-01 22:32:10.813248,134,14,11,22,51,3,1,181,135.07462686567163
post_998,static,2024-11-01 22:32:10.813248,178,10,5,19,100,4,12,212,119.10112359550563
post_946,carousel,2024-11-01 22:32:10.813248,183,14,8,19,204,10,16,224,122.40437158469946
post_693,reel,2024-11-02 22:32:10.813248,260,27,9,37,126,5,4,333,128.07692307692307
post_778,reel,2024-11-02 22:32:10.813248,218,22,19,29,188,15,10,288,132.11009174311928
post_832,static,2024-11-03 22:32:10.813248,120,16,6,12,221,8,16,154,128.33333333333334
post_724,static,2024-11-03 22:32:10.813248,112,11,3,12,207,15,13,138,123.21428571428572
post_957,static,2024-11-03 22:32:10.813248,82,10,6,17,127,5,5,115,140.2439024390244
post_276,static,2024-11-04 22:32:10.813248,84,8,4,25,299,5,11,121,144.04761904761904
post_335,carousel,2024-11-04 22:32:10.813248,142,14,8,24,123,14,23,188,132.3943661971831
post_868,carousel,2024-11-04 22:32:10.813248,144,13,7,41,158,4,15,205,142.36111111111111
post_772,reel,2024-11-04 22:32:10.813248,241,22,20,45,299,4,12,328,136.09958506224066
post_940,carousel,2024-11-04 22:32:10.813248,200,12,9,36,54,12,12,257,128.5
post_95,reel,2024-11-05 22:32:10.813248,149,22,7,32,136,8,22,210,140.93959731543623
post_697,carousel,2024-11-05 22:32:10.813248,120,14,9,25,179,9,1,168,140.0
post_12,carousel,2024-11-05 22:32:10.813248,150,14,6,21,244,9,5,191,127.33333333333334
post_254,static,2024-11-06 22:32:10.813248,114,12,5,17,67,15,23,148,129.82456140350877
post_242,static,2024-11-06 22:32:10.813248,171,14,5,15,74,15,18,205,119.88304093567253
post_214,reel,2024-11-06 22:32:10.813248,188,24,14,25,234,10,22,251,133.51063829787233
post_327,carousel,2024-11-06 22:32:10.813248,160,13,5,22,148,8,1,200,125.0
post_554,carousel,2024-11-06 22:32:10.813248,116,15,9,24,240,11,7,164,141.3793103448276
post_288,reel,2024-11-06 22:32:10.813248,107,18,11,35,200,7,7,171,159.81308411214954
post_713,carousel,2024-11-07 22:32:10.813248,122,11,11,31,255,3,23,175,143.44262295081967
post_419,static,2024-11-07 22:32:10.813248,123,15,6,19,121,7,21,163,132.52032520325204
post_642,static,2024-11-07 22:32:10.813248,111,8,2,17,253,3,1,138,124.32432432432432
post_669,carousel,2024-11-07 22:32:10.813248,186,19,11,28,300,6,6,244,131.18279569892474
post_443,static,2024-11-08 22:32:10.813248,148,14,4,14,199,11,11,180,121.62162162162163
post_702,carousel,2024-11-08 22:32:10.813248,225,16,6,28,290,3,20,275,122.22222222222223
post_163,reel,2024-11-08 22:32:10.813248,298,28,14,32,261,3,17,372,124.83221476510067
post_925,static,2024-11-08 22:32:10.813248,125,8,4,13,156,8,3,150,120.0
post_740,carousel,2024-11-08 22:32:10.813248,96,16,7,20,145,3,4,139,144.79166666666669
post_117,carousel,2024-11-08 22:32:10.813248,176,13,7,23,113,14,5,219,124.43181818181819
post_579,static,2024-11-08 22:32:10.813248,92,12,5,16,50,6,12,125,135.8695652173913
post_38,carousel,2024-11-08 22:32:10.813248,145,20,8,24,246,6,15,197,135.86206896551724
post_895,static,2024-11-09 22:32:10.813248,108,7,4,11,180,5,5,130,120.37037037037037
post_108,reel,2024-11-09 22:32:10.813248,223,22,10,19,217,8,16,274,122.86995515695067
post_371,static,2024-11-09 22:32:10.813248,106,9,5,10,156,14,22,130,122.64150943396226
post_607,reel,2024-11-10 22:32:10.813248,155,16,15,34,159,15,1,220,141.93548387096774
post_457,carousel,2024-11-10 22:32:10.813248,198,18,5,23,79,12,12,244,123.23232323232322
post_116,carousel,2024-11-10 22:32:10.813248,103,16,6,20,280,3,23,145,140.7766990291262
post_641,static,2024-11-10 22:32:10.813248,125,13,3,18,114,13,15,159,127.2
post_67,static,2024-11-10 22:32:10.813248,118,10,3,13,191,5,21,144,122.03389830508475
post_368,carousel,2024-11-11 22:32:10.813248,238,19,7,23,157,14,15,287,120.58823529411764
post_295,carousel,2024-11-11 22:32:10.813248,195,15,8,23,178,15,9,241,123.58974358974359
post_344,carousel,2024-11-11 22:32:10.813248,194,11,7,22,66,9,4,234,120.61855670103093
post_664,reel,2024-11-11 22:32:10.813248,218,26,14,29,141,12,5,287,131.65137614678898
post_855,static,2024-11-11 22:32:10.813248,126,11,4,20,55,4,20,161,127.77777777777777
post_167,carousel,2024-11-11 22:32:10.813248,186,19,8,35,161,14,12,248,133.33333333333331
post_552,reel,2024-11-11 22:32:10.813248,208,20,10,26,225,3,21,264,126.92307692307692
post_264,reel,2024-11-11 22:32:10.813248,145,14,15,35,299,8,19,209,144.13793103448276
post_232,static,2024-11-12 22:32:10.813248,153,12,5,10,183,15,11,180,117.64705882352942
post_767,reel,2024-11-12 22:32:10.813248,269,18,12,29,109,8,0,328,121.93308550185873
post_22,reel,2024-11-12 22:32:10.813248,253,24,12,35,206,11,14,324,128.06324110671937
post_945,static,2024-11-12 22:32:10.813248,71,9,5,19,53,5,6,104,146.47887323943664
post_189,static,2024-11-12 22:32:10.813248,132,11,6,14,261,4,9,163,123.48484848484848
post_210,carousel,2024-11-12 22:32:10.813248,157,17,8,23,94,9,4,205,130.5732484076433
post_346,static,2024-11-12 22:32:10.813248,127,7,5,20,207,15,22,159,125.19685039370079
post_521,carousel,2024-11-12 22:32:10.813248,167,22,6,26,206,8,22,221,132.3353293413174
post_386,carousel,2024-11-13 22:32:10.813248,154,20,12,27,122,13,10,213,138.31168831168833
post_973,reel,2024-11-13 22:32:10.813248,325,23,13,22,129,8,23,383,117.84615384615384
post_400,static,2024-11-13 22:32:10.813248,85,10,4,15,177,3,5,114,134.1176470588235
post_889,carousel,2024-11-13 22:32:10.813248,150,17,7,25,134,15,1,199,132.66666666666666
post_176,static,2024-11-14 22:32:10.813248,96,11,3,16,113,4,16,126,131.25
post_20,static,2024-11-14 22:32:10.813248,139,10,6,14,230,8,10,169,121.58273381294964
post_845,reel,2024-11-14 22:32:10.813248,186,25,11,29,188,3,23,251,134.94623655913978
post_751,reel,2024-11-14 22:32:10.813248,270,21,15,50,50,4,20,356,131.85185185185185
post_315,static,2024-11-14 22:32:10.813248,65,10,5,16,269,3,22,96,147.6923076923077
post_146,reel,2024-11-15 22:32:10.813248,317,24,17,44,246,3,20,402,126.81388012618298
post_625,carousel,2024-11-15 22:32:10.813248,158,18,6,22,67,3,21,204,129.1139240506329
post_896,carousel,2024-11-15 22:32:10.813248,233,10,4,25,282,15,14,272,116.7381974248927
post_23,static,2024-11-15 22:32:10.813248,118,13,5,10,286,10,19,146,123.72881355932203
post_53,static,2024-11-15 22:32:10.813248,104,7,5,20,287,13,13,136,130.76923076923077
post_330,carousel,2024-11-16 22:32:10.813248,222,14,11,38,236,10,20,285,128.3783783783784
post_466,reel,2024-11-16 22:32:10.813248,219,14,15,19,150,5,5,267,121.91780821917808
post_599,static,2024-11-16 22:32:10.813248,134,13,5,21,269,3,8,173,129.1044776119403
post_15,static,2024-11-16 22:32:10.813248,75,10,4,11,155,15,11,100,133.33333333333331
post_478,static,2024-11-16 22:32:10.813248,82,11,4,14,239,9,15,111,135.3658536585366
post_251,reel,2024-11-16 22:32:10.813248,163,25,13,44,193,4,16,245,150.30674846625766
post_732,static,2024-11-16 22:32:10.813248,152,13,6,17,250,6,10,188,123.6842105263158
post_712,static,2024-11-16 22:32:10.813248,115,8,4,16,122,7,17,143,124.34782608695652
post_411,static,2024-11-17 22:32:10.813248,101,8,5,12,271,9,2,126,124.75247524752476
post_325,reel,2024-11-17 22:32:10.813248,196,15,14,36,188,10,1,261,133.16326530612247
post_525,carousel,2024-11-17 22:32:10.813248,167,14,9,28,135,14,19,218,130.53892215568862
post_281,static,2024-11-17 22:32:10.813248,88,11,5,16,282,14,2,120,136.36363636363635
post_221,carousel,2024-11-17 22:32:10.813248,190,15,7,22,271,6,10,234,123.15789473684211
post_769,reel,2024-11-17 22:32:10.813248,267,29,15,18,261,4,17,329,123.22097378277152
post_237,static,2024-11-17 22:32:10.813248,105,10,6,15,243,7,19,136,129.52380952380952
post_138,reel,2024-11-18 22:32:10.813248,223,26,17,33,71,5,17,299,134.08071748878925
post_302,carousel,2024-11-18 22:32:10.813248,166,16,11,33,226,14,17,226,136.14457831325302
post_125,carousel,2024-11-18 22:32:10.813248,106,14,5,31,150,15,20,156,147.16981132075472
post_923,static,2024-11-18 22:32:10.813248,110,9,5,16,276,4,23,140,127.27272727272727
post_195,static,2024-11-18 22:32:10.813248,109,8,3,21,170,4,17,141,129.3577981651376
post_857,carousel,2024-11-18 22:32:10.813248,142,19,10,25,175,5,10,196,138.0281690140845
post_209,static,2024-11-18 22:32:10.813248,107,10,5,16,73,11,15,138,128.97196261682242
post_985,static,2024-11-19 22:32:10.813248,103,13,5,11,98,7,10,132,128.15533980582526
post_726,carousel,2024-11-19 22:32:10.813248,129,12,4,24,114,3,8,169,131.0077519379845
post_311,carousel,2024-11-19 22:32:10.813248,84,11,6,29,289,3,23,130,154.76190476190476
post_275,carousel,2024-11-19 22:32:10.813248,164,13,10,25,114,3,20,212,129.26829268292684
post_850,carousel,2024-11-19 22:32:10.813248,189,20,7,29,182,8,15,245,129.62962962962962
post_518,carousel,2024-11-19 22:32:10.813248,103,15,9,28,233,8,5,155,150.48543689320388
post_539,static,2024-11-20 22:32:10.813248,82,10,5,17,84,9,7,114,139.02439024390242
post_555,carousel,2024-11-20 22:32:10.813248,214,8,8,24,241,10,22,254,118.69158878504673
post_610,carousel,2024-11-20 22:32:10.813248,185,12,7,33,90,5,18,237,128.1081081081081
post_629,static,2024-11-20 22:32:10.813248,134,11,7,15,299,7,11,167,124.62686567164178
post_934,carousel,2024-11-20 22:32:10.813248,145,20,9,27,140,5,7,201,138.6206896551724
post_305,static,2024-11-21 22:32:10.813248,147,13,3,16,77,9,16,179,121.7687074829932
post_818,static,2024-11-21 22:32:10.813248,92,9,7,20,259,8,2,128,139.1304347826087
post_204,carousel,2024-11-21 22:32:10.813248,176,15,6,28,239,15,5,225,127.84090909090908
post_48,reel,2024-11-21 22:32:10.813248,292,10,15,25,92,9,12,342,117.12328767123287
post_50,reel,2024-11-21 22:32:10.813248,218,15,13,35,291,15,2,281,128.89908256880733
post_151,static,2024-11-21 22:32:10.813248,111,2,7,17,298,3,16,137,123.42342342342343
post_506,carousel,2024-11-22 22:32:10.813248,162,13,8,28,186,8,9,211,130.2469135802469
post_659,reel,2024-11-22 22:32:10.813248,229,20,15,28,130,11,23,292,127.5109170305677
post_70,static,2024-11-22 22:32:10.813248,104,9,4,16,101,7,1,133,127.88461538461537
post_77,carousel,2024-11-23 22:32:10.813248,135,12,9,24,232,10,22,180,133.33333333333331
post_522,static,2024-11-23 22:32:10.813248,88,7,4,12,154,4,4,111,126.13636363636364
post_164,carousel,2024-11-23 22:32:10.813248,176,18,9,37,243,14,9,240,136.36363636363635
post_675,reel,2024-11-23 22:32:10.813248,310,21,7,39,77,12,17,377,121.61290322580645
post_309,carousel,2024-11-23 22:32:10.813248,138,21,7,32,233,11,15,198,143.47826086956522
post_840,reel,2024-11-23 22:32:10.813248,289,27,17,44,84,3,12,377,130.44982698961937
post_186,reel,2024-11-23 22:32:10.813248,207,21,13,28,93,12,4,269,129.95169082125605
post_770,reel,2024-11-24 22:32:10.813248,300,22,11,36,279,6,11,369,123.0
post_959,reel,2024-11-24 22:32:10.813248,260,20,13,30,145,5,19,323,124.23076923076923
post_761,reel,2024-11-24 22:32:10.813248,171,23,13,25,143,4,5,232,135.67251461988303
post_485,carousel,2024-11-24 22:32:10.813248,197,13,10,25,261,7,14,245,124.36548223350255
post_779,reel,2024-11-24 22:32:10.813248,203,20,15,31,63,10,16,269,132.51231527093597
post_504,static,2024-11-25 22:32:10.813248,85,9,4,13,73,3,7,111,130.58823529411765
post_76,reel,2024-11-26 22:32:10.813248,192,16,12,23,188,9,0,243,126.5625
post_462,carousel,2024-11-26 22:32:10.813248,96,19,9,22,167,15,15,146,152.08333333333331
post_617,reel,2024-11-26 22:32:10.813248,142,18,14,31,172,8,3,205,144.3661971830986
post_592,static,2024-11-26 22:32:10.813248,102,8,5,16,290,11,8,131,128.4313725490196
post_183,static,2024-11-26 22:32:10.813248,89,9,4,9,134,3,23,111,124.7191011235955
post_601,carousel,2024-11-27 22:32:10.813248,241,17,6,29,177,3,20,293,121.57676348547717
post_31,static,2024-11-27 22:32:10.813248,139,12,5,16,173,12,20,172,123.74100719424462
post_707,static,2024-11-27 22:32:10.813248,113,10,5,16,89,8,2,144,127.43362831858407
post_213,carousel,2024-11-28 22:32:10.813248,129,9,7,23,199,8,8,168,130.2325581395349
post_655,carousel,2024-11-28 22:32:10.813248,158,12,11,31,108,14,6,212,134.17721518987344
post_904,carousel,2024-11-28 22:32:10.813248,163,15,8,22,294,6,2,208,127.60736196319019
post_321,reel,2024-11-28 22:32:10.813248,136,20,9,31,218,10,20,196,144.11764705882354
post_673,static,2024-11-29 22:32:10.813248,101,11,6,17,143,15,18,135,133.66336633663366
post_451,reel,2024-11-29 22:32:10.813248,284,23,14,33,85,5,18,354,124.64788732394365
post_149,carousel,2024-11-29 22:32:10.813248,192,23,6,24,201,5,23,245,127.60416666666667
post_137,carousel,2024-11-29 22:32:10.813248,180,16,11,33,156,12,6,240,133.33333333333331
post_583,reel,2024-11-30 22:32:10.813248,212,25,14,37,285,3,15,288,135.8490566037736
post_109,static,2024-11-30 22:32:10.813248,114,12,6,16,145,6,20,148,129.82456140350877
post_696,carousel,2024-11-30 22:32:10.813248,150,10,11,30,260,3,13,201,134.0
post_685,static,2024-11-30 22:32:10.813248,82,10,5,21,272,12,10,118,143.90243902439025
post_265,static,2024-11-30 22:32:10.813248,153,12,6,16,171,8,17,187,122.22222222222223
post_49,carousel,2024-12-01 22:32:10.813248,118,13,8,25,240,8,8,164,138.98305084745763
post_260,carousel,2024-12-01 22:32:10.813248,200,16,10,34,117,12,13,260,130.0
post_546,static,2024-12-01 22:32:10.813248,117,12,4,9,141,15,21,142,121.36752136752136
post_606,static,2024-12-01 22:32:10.813248,114,12,5,15,273,12,2,146,128.0701754385965
post_759,carousel,2024-12-01 22:32:10.813248,165,16,8,31,151,13,22,220,133.33333333333331
post_806,static,2024-12-01 22:32:10.813248,139,5,6,16,217,11,19,166,119.42446043165467
post_143,static,2024-12-02 22:32:10.813248,93,8,4,15,211,11,16,120,129.03225806451613
post_150,carousel,2024-12-02 22:32:10.813248,167,17,9,19,176,15,2,212,126.94610778443113
post_434,carousel,2024-12-02 22:32:10.813248,151,13,8,30,177,12,10,202,133.7748344370861
post_3,carousel,2024-12-02 22:32:10.813248,121,13,8,34,187,7,22,176,145.45454545454547
post_588,carousel,2024-12-03 22:32:10.813248,160,15,9,31,202,12,22,215,134.375
post_126,static,2024-12-03 22:32:10.813248,120,9,2,14,172,13,4,145,120.83333333333333
post_824,carousel,2024-12-03 22:32:10.813248,169,13,10,26,284,11,8,218,128.99408284023667
post_630,reel,2024-12-03 22:32:10.813248,327,23,15,33,76,15,15,398,121.7125382262997
post_823,static,2024-12-03 22:32:10.813248,115,10,4,16,218,8,5,145,126.08695652173914
post_178,reel,2024-12-03 22:32:10.813248,326,20,12,29,266,10,15,387,118.71165644171779
post_637,carousel,2024-12-03 22:32:10.813248,194,19,6,37,158,12,14,256,131.95876288659792
post_804,static,2024-12-03 22:32:10.813248,147,14,5,18,243,11,12,184,125.17006802721089
post_974,reel,2024-12-04 22:32:10.813248,233,29,13,40,102,15,16,315,135.1931330472103
post_626,carousel,2024-12-04 22:32:10.813248,182,18,11,23,145,7,1,234,128.57142857142858
post_233,carousel,2024-12-04 22:32:10.813248,158,12,7,24,260,4,4,201,127.21518987341771
post_809,carousel,2024-12-04 22:32:10.813248,166,15,10,37,104,10,13,228,137.34939759036143
post_862,carousel,2024-12-04 22:32:10.813248,122,13,6,34,162,13,5,175,143.44262295081967
post_216,reel,2024-12-04 22:32:10.813248,260,21,13,30,99,5,1,324,124.61538461538461
post_905,reel,2024-12-05 22:32:10.813248,173,18,11,33,243,7,23,235,135.83815028901734
post_202,carousel,2024-12-05 22:32:10.813248,155,13,8,27,130,14,4,203,130.96774193548387
post_505,reel,2024-12-05 22:32:10.813248,238,23,12,38,159,14,11,311,130.67226890756302
post_463,static,2024-12-06 22:32:10.813248,133,11,3,11,59,3,23,158,118.796992481203
post_594,reel,2024-12-06 22:32:10.813248,233,19,11,35,152,5,21,298,127.89699570815452
post_136,carousel,2024-12-06 22:32:10.813248,185,15,7,23,205,13,21,230,124.32432432432432
post_680,carousel,2024-12-06 22:32:10.813248,133,13,9,24,111,7,23,179,134.58646616541355
post_467,static,2024-12-06 22:32:10.813248,64,12,4,14,220,9,6,94,146.875
post_280,static,2024-12-07 22:32:10.813248,108,12,5,16,69,15,17,141,130.55555555555557
post_100,reel,2024-12-07 22:32:10.813248,269,14,12,34,131,9,13,329,122.30483271375465
post_991,carousel,2024-12-08 22:32:10.813248,148,18,7,28,158,3,11,201,135.8108108108108
post_37,carousel,2024-12-08 22:32:10.813248,201,17,11,32,186,12,14,261,129.8507462686567
post_509,static,2024-12-08 22:32:10.813248,115,9,6,16,109,13,9,146,126.95652173913044
post_366,carousel,2024-12-09 22:32:10.813248,195,21,9,22,223,3,15,247,126.66666666666666
post_734,static,2024-12-09 22:32:10.813248,104,9,4,15,250,8,0,132,126.92307692307692
post_1,static,2024-12-09 22:32:10.813248,104,12,5,11,157,9,21,132,126.92307692307692
post_720,carousel,2024-12-09 22:32:10.813248,132,22,7,24,78,8,7,185,140.15151515151516
post_917,static,2024-12-09 22:32:10.813248,130,9,3,14,283,5,12,156,120.0
post_653,static,2024-12-09 22:32:10.813248,81,7,4,13,114,14,8,105,129.62962962962962
post_665,static,2024-12-09 22:32:10.813248,104,8,4,19,228,12,14,135,129.80769230769232
post_967,carousel,2024-12-09 22:32:10.813248,116,15,8,32,238,15,11,171,147.41379310344826
post_556,reel,2024-12-10 22:32:10.813248,202,18,12,41,100,5,5,273,135.14851485148515
post_355,reel,2024-12-10 22:32:10.813248,153,19,9,29,100,5,23,210,137.2549019607843
post_916,carousel,2024-12-10 22:32:10.813248,166,11,9,29,125,10,20,215,129.5180722891566
post_161,static,2024-12-10 22:32:10.813248,93,8,5,17,223,4,4,123,132.25806451612902
post_62,static,2024-12-10 22:32:10.813248,100,14,7,17,140,10,20,138,138.0
post_688,carousel,2024-12-10 22:32:10.813248,186,12,10,18,98,15,3,226,121.50537634408603
post_871,carousel,2024-12-10 22:32:10.813248,145,12,9,22,290,9,2,188,129.65517241379308
post_524,reel,2024-12-10 22:32:10.813248,187,23,19,34,126,8,17,263,140.64171122994654
post_382,reel,2024-12-10 22:32:10.813248,264,28,18,46,238,6,19,356,134.84848484848484
post_293,static,2024-12-10 22:32:10.813248,155,9,5,15,92,8,14,184,118.70967741935483
post_4,carousel,2024-12-10 22:32:10.813248,132,12,7,19,250,4,6,170,128.78787878787878
post_928,reel,2024-12-11 22:32:10.813248,219,16,13,23,203,15,0,271,123.74429223744292
post_226,reel,2024-12-11 22:32:10.813248,257,17,11,24,208,14,7,309,120.23346303501945
post_84,carousel,2024-12-11 22:32:10.813248,159,14,8,16,62,15,22,197,123.89937106918238
post_701,static,2024-12-11 22:32:10.813248,116,12,3,20,276,9,15,151,130.17241379310346
post_774,static,2024-12-11 22:32:10.813248,134,11,5,16,210,5,2,166,123.88059701492537
post_584,static,2024-12-11 22:32:10.813248,72,12,5,18,140,6,3,107,148.61111111111111
post_559,carousel,2024-12-11 22:32:10.813248,129,14,6,20,192,4,21,169,131.0077519379845
post_352,static,2024-12-11 22:32:10.813248,137,12,3,15,244,3,11,167,121.8978102189781
post_700,carousel,2024-12-12 22:32:10.813248,201,20,9,29,116,11,12,259,128.85572139303483
post_30,reel,2024-12-12 22:32:10.813248,242,28,16,33,264,11,20,319,131.8181818181818
post_984,carousel,2024-12-12 22:32:10.813248,213,16,11,28,90,13,20,268,125.82159624413146
post_520,static,2024-12-12 22:32:10.813248,93,9,3,15,158,14,6,120,129.03225806451613
post_243,reel,2024-12-12 22:32:10.813248,294,26,9,39,255,13,10,368,125.17006802721089
post_63,reel,2024-12-12 22:32:10.813248,170,17,10,32,214,14,23,229,134.7058823529412
post_348,static,2024-12-13 22:32:10.813248,107,9,5,12,259,7,0,133,124.29906542056075
post_679,static,2024-12-13 22:32:10.813248,169,9,4,12,163,3,10,194,114.79289940828403
post_132,reel,2024-12-13 22:32:10.813248,321,22,13,33,52,14,14,389,121.18380062305296
post_766,carousel,2024-12-13 22:32:10.813248,106,9,7,22,168,14,6,144,135.8490566037736
post_799,static,2024-12-13 22:32:10.813248,109,8,4,16,297,14,4,137,125.68807339449542
post_380,reel,2024-12-13 22:32:10.813248,153,21,8,32,172,13,10,214,139.86928104575162
post_937,carousel,2024-12-14 22:32:10.813248,240,14,9,30,274,5,11,293,122.08333333333334
post_743,carousel,2024-12-14 22:32:10.813248,140,14,7,24,264,7,4,185,132.14285714285714
post_537,static,2024-12-14 22:32:10.813248,145,11,4,11,112,13,19,171,117.9310344827586
post_927,reel,2024-12-15 22:32:10.813248,229,18,10,30,292,5,0,287,125.32751091703057
post_174,reel,2024-12-15 22:32:10.813248,387,26,10,33,220,9,16,456,117.8294573643411
post_683,reel,2024-12-15 22:32:10.813248,277,21,12,32,220,12,7,342,123.46570397111914
post_376,reel,2024-12-15 22:32:10.813248,254,22,11,38,220,12,14,325,127.95275590551181
post_93,reel,2024-12-15 22:32:10.813248,307,23,13,26,56,14,5,369,120.19543973941369
post_82,static,2024-12-15 22:32:10.813248,124,8,2,15,92,4,7,149,120.16129032258065
post_966,reel,2024-12-16 22:32:10.813248,240,19,16,31,150,9,9,306,127.49999999999999
post_324,reel,2024-12-16 22:32:10.813248,349,30,14,33,246,9,15,426,122.06303724928367
post_803,carousel,2024-12-16 22:32:10.813248,181,18,5,29,276,14,9,233,128.7292817679558
post_18,reel,2024-12-16 22:32:10.813248,277,25,16,35,150,7,12,353,127.43682310469313
post_465,carousel,2024-12-17 22:32:10.813248,144,14,7,26,292,10,23,191,132.63888888888889
post_398,static,2024-12-17 22:32:10.813248,80,6,4,15,110,9,9,105,131.25
post_611,reel,2024-12-17 22:32:10.813248,133,20,9,32,114,7,6,194,145.86466165413535
post_833,reel,2024-12-18 22:32:10.813248,138,26,14,41,171,14,8,219,158.69565217391303
post_990,static,2024-12-18 22:32:10.813248,122,7,2,11,262,3,23,142,116.39344262295081
post_676,reel,2024-12-18 22:32:10.813248,314,19,19,44,131,9,17,396,126.11464968152866
post_155,carousel,2024-12-18 22:32:10.813248,171,15,7,33,188,8,7,226,132.16374269005848
post_436,carousel,2024-12-18 22:32:10.813248,83,13,7,25,300,5,16,128,154.21686746987953
post_17,reel,2024-12-19 22:32:10.813248,238,18,9,36,231,10,7,301,126.47058823529412
post_416,reel,2024-12-19 22:32:10.813248,206,14,13,34,298,15,5,267,129.6116504854369
post_560,carousel,2024-12-19 22:32:10.813248,135,15,9,19,243,11,0,178,131.85185185185185
post_821,static,2024-12-19 22:32:10.813248,85,13,3,9,243,5,8,110,129.41176470588235
post_817,static,2024-12-19 22:32:10.813248,129,11,3,11,201,5,4,154,119.3798449612403
post_54,reel,2024-12-20 22:32:10.813248,270,26,14,30,127,12,2,340,125.92592592592592
post_140,carousel,2024-12-20 22:32:10.813248,218,17,5,21,194,14,5,261,119.72477064220183
post_206,reel,2024-12-20 22:32:10.813248,379,24,11,28,89,6,15,442,116.62269129287598
post_373,static,2024-12-21 22:32:10.813248,82,8,5,12,266,13,2,107,130.4878048780488
post_387,static,2024-12-21 22:32:10.813248,120,9,5,11,142,8,7,145,120.83333333333333
post_57,carousel,2024-12-21 22:32:10.813248,149,18,8,19,195,14,22,194,130.2013422818792
post_135,static,2024-12-21 22:32:10.813248,153,12,4,19,290,11,17,188,122.87581699346406
post_533,reel,2024-12-21 22:32:10.813248,287,27,12,43,80,15,20,369,128.57142857142858
post_333,static,2024-12-21 22:32:10.813248,66,9,5,11,88,7,4,91,137.87878787878788
post_69,reel,2024-12-21 22:32:10.813248,277,17,16,39,299,5,11,349,125.99277978339349
post_670,reel,2024-12-22 22:32:10.813248,157,27,12,35,105,3,11,231,147.13375796178343
post_805,carousel,2024-12-22 22:32:10.813248,186,16,8,21,132,5,0,231,124.19354838709677
post_875,carousel,2024-12-23 22:32:10.813248,124,16,9,21,121,15,1,170,137.09677419354838
post_807,reel,2024-12-23 22:32:10.813248,214,22,10,32,61,13,22,278,129.90654205607478
post_266,static,2024-12-23 22:32:10.813248,118,11,4,14,199,3,13,147,124.57627118644068
post_81,carousel,2024-12-23 22:32:10.813248,217,15,6,31,253,10,12,269,123.963133640553
post_66,reel,2024-12-23 22:32:10.813248,191,24,12,27,235,15,15,254,132.98429319371726
post_28,static,2024-12-23 22:32:10.813248,158,6,4,18,170,15,20,186,117.72151898734178
post_911,static,2024-12-23 22:32:10.813248,76,6,5,11,96,11,7,98,128.94736842105263
post_240,carousel,2024-12-23 22:32:10.813248,185,16,10,36,269,8,16,247,133.51351351351352
post_99,carousel,2024-12-23 22:32:10.813248,209,11,8,23,229,14,22,251,120.0956937799043
post_731,static,2024-12-24 22:32:10.813248,103,6,5,17,114,7,0,131,127.18446601941748
post_314,reel,2024-12-24 22:32:10.813248,281,12,14,41,233,11,4,348,123.84341637010677
post_441,carousel,2024-12-24 22:32:10.813248,143,19,8,27,289,8,17,197,137.76223776223776
post_406,carousel,2024-12-24 22:32:10.813248,102,11,10,35,79,15,14,158,154.90196078431373
post_192,static,2024-12-24 22:32:10.813248,167,10,4,21,219,11,17,202,120.95808383233533
post_678,reel,2024-12-25 22:32:10.813248,213,20,17,23,73,10,7,273,128.16901408450704
post_212,static,2024-12-25 22:32:10.813248,64,9,5,12,157,7,21,90,140.625
post_721,static,2024-12-25 22:32:10.813248,179,10,4,17,137,11,12,210,117.31843575418995
post_604,carousel,2024-12-25 22:32:10.813248,111,9,8,18,150,10,22,146,131.53153153153156
post_717,carousel,2024-12-25 22:32:10.813248,107,11,6,24,169,15,6,148,138.3177570093458
post_64,reel,2024-12-25 22:32:10.813248,209,24,15,37,67,4,15,285,136.36363636363635
post_570,static,2024-12-26 22:32:10.813248,91,7,4,11,293,11,8,113,124.17582417582418
post_618,static,2024-12-26 22:32:10.813248,105,10,1,18,98,14,11,134,127.6190476190476
post_519,carousel,2024-12-26 22:32:10.813248,157,14,7,19,177,15,0,197,125.47770700636943
post_94,static,2024-12-26 22:32:10.813248,114,6,3,18,175,5,2,141,123.6842105263158
post_473,carousel,2024-12-26 22:32:10.813248,244,8,10,33,180,14,15,295,120.9016393442623
post_825,static,2024-12-26 22:32:10.813248,110,10,3,17,194,9,5,140,127.27272727272727
post_654,carousel,2024-12-26 22:32:10.813248,247,22,9,28,291,15,15,306,123.88663967611335
post_340,static,2024-12-27 22:32:10.813248,114,9,4,12,275,13,7,139,121.9298245614035
post_962,carousel,2024-12-27 22:32:10.813248,211,16,10,14,158,5,21,251,118.95734597156398
post_166,reel,2024-12-27 22:32:10.813248,198,18,16,29,77,6,17,261,131.8181818181818
post_444,carousel,2024-12-27 22:32:10.813248,158,14,7,22,60,13,16,201,127.21518987341771
post_320,reel,2024-12-27 22:32:10.813248,175,23,11,40,255,6,4,249,142.28571428571428
post_16,static,2024-12-27 22:32:10.813248,59,10,6,14,55,8,5,89,150.84745762711864
post_207,static,2024-12-28 22:32:10.813248,101,9,3,20,227,15,10,133,131.68316831683168
post_639,carousel,2024-12-28 22:32:10.813248,167,18,9,26,150,12,12,220,131.73652694610777
post_493,static,2024-12-28 22:32:10.813248,99,12,4,15,267,12,1,130,131.31313131313132
post_714,carousel,2024-12-28 22:32:10.813248,197,14,9,24,157,6,12,244,123.85786802030456
post_258,reel,2024-12-28 22:32:10.813248,219,15,9,32,252,13,5,275,125.57077625570776
post_754,static,2024-12-28 22:32:10.813248,114,11,4,17,224,12,8,146,128.0701754385965
post_112,reel,2024-12-29 22:32:10.813248,172,28,11,31,50,13,0,242,140.69767441860466
post_365,static,2024-12-29 22:32:10.813248,116,13,4,18,134,6,17,151,130.17241379310346
post_332,reel,2024-12-30 22:32:10.813248,262,21,13,40,84,5,10,336,128.2442748091603
post_469,static,2024-12-30 22:32:10.813248,117,8,4,18,292,10,23,147,125.64102564102564
post_988,carousel,2024-12-30 22:32:10.813248,173,19,9,33,111,7,19,234,135.26011560693644
post_477,carousel,2024-12-30 22:32:10.813248,195,21,6,28,269,4,8,250,128.2051282051282
post_405,static,2024-12-30 22:32:10.813248,160,10,5,21,239,9,9,196,122.50000000000001
post_447,static,2024-12-31 22:32:10.813248,80,9,5,10,72,10,14,104,130.0
post_623,carousel,2024-12-31 22:32:10.813248,103,19,9,19,209,12,22,150,145.63106796116506
post_994,carousel,2024-12-31 22:32:10.813248,204,13,9,32,77,14,18,258,126.47058823529412
post_154,carousel,2024-12-31 22:32:10.813248,182,14,6,17,235,3,8,219,120.32967032967032
post_989,static,2025-01-01 22:32:10.813248,33,10,4,16,171,12,12,63,190.9090909090909
post_9,carousel,2025-01-01 22:32:10.813248,102,12,8,26,202,12,23,148,145.09803921568627
post_165,carousel,2025-01-01 22:32:10.813248,139,17,9,25,129,3,6,190,136.69064748201438
post_897,reel,2025-01-01 22:32:10.813248,233,24,11,31,103,6,22,299,128.3261802575107
post_181,carousel,2025-01-01 22:32:10.813248,199,19,7,31,98,4,17,256,128.643216080402
post_218,carousel,2025-01-01 22:32:10.813248,137,15,6,14,177,7,4,172,125.54744525547446
post_252,carousel,2025-01-01 22:32:10.813248,218,18,6,40,249,4,19,282,129.3577981651376
post_614,reel,2025-01-02 22:32:10.813248,256,15,12,37,266,13,17,320,125.0
post_831,carousel,2025-01-02 22:32:10.813248,158,21,8,34,206,8,18,221,139.873417721519
post_955,carousel,2025-01-02 22:32:10.813248,123,21,8,29,184,8,17,181,147.15447154471545
post_742,carousel,2025-01-02 22:32:10.813248,212,16,8,25,167,12,13,261,123.11320754716981
post_170,static,2025-01-02 22:32:10.813248,137,9,3,19,190,13,14,168,122.62773722627738
post_972,reel,2025-01-02 22:32:10.813248,324,11,10,22,126,10,4,367,113.2716049382716
post_633,reel,2025-01-02 22:32:10.813248,152,20,11,36,110,3,0,219,144.07894736842107
post_621,carousel,2025-01-02 22:32:10.813248,148,16,5,23,140,5,23,192,129.72972972972974
post_14,static,2025-01-02 22:32:10.813248,138,12,5,14,124,7,12,169,122.46376811594205
post_223,static,2025-01-02 22:32:10.813248,126,12,7,11,243,11,12,156,123.80952380952381
post_919,reel,2025-01-02 22:32:10.813248,243,22,19,41,197,4,11,325,133.7448559670782
post_5,reel,2025-01-02 22:32:10.813248,139,17,10,29,295,5,22,195,140.28776978417267
post_716,reel,2025-01-03 22:32:10.813248,222,17,15,42,58,3,12,296,133.33333333333331
post_935,reel,2025-01-03 22:32:10.813248,188,27,11,33,240,15,21,259,137.7659574468085
post_757,static,2025-01-03 22:32:10.813248,66,9,3,18,271,14,6,96,145.45454545454547
post_859,reel,2025-01-03 22:32:10.813248,147,24,9,27,95,11,4,207,140.81632653061226
post_44,reel,2025-01-04 22:32:10.813248,190,19,11,35,249,4,23,255,134.21052631578948
post_369,static,2025-01-04 22:32:10.813248,87,13,3,10,198,3,22,113,129.8850574712644
post_145,static,2025-01-04 22:32:10.813248,108,12,5,20,172,12,15,145,134.25925925925927
post_219,carousel,2025-01-05 22:32:10.813248,147,11,6,33,51,4,4,197,134.01360544217687
post_65,reel,2025-01-05 22:32:10.813248,181,19,11,32,210,3,8,243,134.25414364640883
post_898,carousel,2025-01-05 22:32:10.813248,150,14,6,31,82,12,0,201,134.0
post_894,reel,2025-01-05 22:32:10.813248,260,28,16,32,209,14,9,336,129.23076923076923
post_534,carousel,2025-01-06 22:32:10.813248,110,18,7,24,250,13,2,159,144.54545454545456
post_686,static,2025-01-06 22:32:10.813248,149,14,5,25,286,12,20,193,129.53020134228188
post_981,carousel,2025-01-06 22:32:10.813248,162,10,7,23,55,10,23,202,124.69135802469135
post_55,carousel,2025-01-06 22:32:10.813248,168,14,7,21,299,10,21,210,125.0
post_763,static,2025-01-06 22:32:10.813248,117,13,5,21,231,6,19,156,133.33333333333331
post_615,reel,2025-01-06 22:32:10.813248,273,10,11,32,251,14,22,326,119.41391941391942
post_826,carousel,2025-01-06 22:32:10.813248,176,14,6,15,179,10,18,211,119.88636363636364
